index,method
0,Radial Velocity
1,Radial Velocity
2,Radial Velocity
3,Radial Velocity
4,Radial Velocity
5,Radial Velocity
6,Radial Velocity
7,Radial Velocity
8,Radial Velocity
9,Radial Velocity
10,Radial Velocity
11,Radial Velocity
12,Radial Velocity
13,Radial Velocity
14,Radial Velocity
15,Radial Velocity
16,Radial Velocity
17,Radial Velocity
18,Radial Velocity
19,Radial Velocity
20,Radial Velocity
21,Radial Velocity
22,Radial Velocity
23,Radial Velocity
24,Radial Velocity
25,Radial Velocity
26,Radial Velocity
27,Radial Velocity
28,Radial Velocity
29,Radial Velocity
30,Radial Velocity
31,Radial Velocity
32,Radial Velocity
33,Radial Velocity
34,Radial Velocity
35,Radial Velocity
36,Radial Velocity
37,Radial Velocity
38,Radial Velocity
39,Radial Velocity
40,Radial Velocity
41,Radial Velocity
42,Radial Velocity
43,Radial Velocity
44,Radial Velocity
45,Radial Velocity
46,Radial Velocity
47,Radial Velocity
48,Radial Velocity
49,Radial Velocity
50,Radial Velocity
51,Radial Velocity
52,Radial Velocity
53,Radial Velocity
54,Radial Velocity
55,Radial Velocity
56,Radial Velocity
57,Radial Velocity
58,Radial Velocity
59,Radial Velocity
60,Radial Velocity
61,Radial Velocity
62,Radial Velocity
63,Radial Velocity
64,Radial Velocity
65,Radial Velocity
66,Radial Velocity
67,Radial Velocity
68,Radial Velocity
69,Radial Velocity
70,Radial Velocity
71,Radial Velocity
72,Radial Velocity
73,Radial Velocity
74,Radial Velocity
75,Radial Velocity
76,Radial Velocity
77,Radial Velocity
78,Radial Velocity
79,Radial Velocity
80,Radial Velocity
81,Radial Velocity
82,Radial Velocity
83,Radial Velocity
84,Radial Velocity
85,Radial Velocity
86,Radial Velocity
87,Radial Velocity
88,Radial Velocity
89,Radial Velocity
90,Radial Velocity
91,Radial Velocity
92,Radial Velocity
93,Radial Velocity
94,Radial Velocity
95,Radial Velocity
96,Radial Velocity
97,Radial Velocity
98,Radial Velocity
99,Radial Velocity
100,Radial Velocity
101,Radial Velocity
102,Radial Velocity
103,Radial Velocity
104,Radial Velocity
105,Radial Velocity
106,Radial Velocity
107,Radial Velocity
108,Radial Velocity
109,Radial Velocity
110,Radial Velocity
111,Radial Velocity
112,Radial Velocity
113,Radial Velocity
114,Radial Velocity
115,Radial Velocity
116,Radial Velocity
117,Radial Velocity
118,Radial Velocity
119,Radial Velocity
120,Radial Velocity
121,Radial Velocity
122,Radial Velocity
123,Radial Velocity
124,Radial Velocity
125,Radial Velocity
126,Radial Velocity
127,Radial Velocity
128,Radial Velocity
129,Radial Velocity
130,Radial Velocity
131,Radial Velocity
132,Radial Velocity
133,Radial Velocity
134,Radial Velocity
135,Radial Velocity
136,Radial Velocity
137,Radial Velocity
138,Radial Velocity
139,Radial Velocity
140,Radial Velocity
141,Radial Velocity
142,Radial Velocity
143,Radial Velocity
144,Radial Velocity
145,Radial Velocity
146,Radial Velocity
147,Radial Velocity
148,Radial Velocity
149,Radial Velocity
150,Radial Velocity
151,Radial Velocity
152,Radial Velocity
153,Radial Velocity
154,Radial Velocity
155,Radial Velocity
156,Radial Velocity
157,Radial Velocity
158,Radial Velocity
159,Radial Velocity
160,Radial Velocity
161,Radial Velocity
162,Radial Velocity
163,Radial Velocity
164,Radial Velocity
165,Radial Velocity
166,Radial Velocity
167,Radial Velocity
168,Radial Velocity
169,Radial Velocity
170,Radial Velocity
171,Radial Velocity
172,Radial Velocity
173,Radial Velocity
174,Radial Velocity
175,Radial Velocity
176,Radial Velocity
177,Radial Velocity
178,Radial Velocity
179,Radial Velocity
180,Radial Velocity
181,Radial Velocity
182,Radial Velocity
183,Radial Velocity
184,Radial Velocity
185,Radial Velocity
186,Radial Velocity
187,Radial Velocity
188,Radial Velocity
189,Radial Velocity
190,Radial Velocity
191,Radial Velocity
192,Radial Velocity
193,Radial Velocity
194,Radial Velocity
195,Radial Velocity
196,Radial Velocity
197,Radial Velocity
198,Radial Velocity
199,Radial Velocity
200,Radial Velocity
201,Radial Velocity
202,Radial Velocity
203,Radial Velocity
204,Radial Velocity
205,Radial Velocity
206,Radial Velocity
207,Radial Velocity
208,Radial Velocity
209,Radial Velocity
210,Radial Velocity
211,Radial Velocity
212,Radial Velocity
213,Radial Velocity
214,Radial Velocity
215,Radial Velocity
216,Radial Velocity
217,Radial Velocity
218,Radial Velocity
219,Radial Velocity
220,Radial Velocity
221,Radial Velocity
222,Radial Velocity
223,Radial Velocity
224,Radial Velocity
225,Radial Velocity
226,Radial Velocity
227,Radial Velocity
228,Radial Velocity
229,Radial Velocity
230,Radial Velocity
231,Radial Velocity
232,Radial Velocity
233,Radial Velocity
234,Radial Velocity
235,Radial Velocity
236,Radial Velocity
237,Radial Velocity
238,Radial Velocity
239,Radial Velocity
240,Radial Velocity
241,Radial Velocity
242,Radial Velocity
243,Radial Velocity
244,Radial Velocity
245,Radial Velocity
246,Radial Velocity
247,Radial Velocity
248,Radial Velocity
249,Radial Velocity
250,Radial Velocity
251,Radial Velocity
252,Radial Velocity
253,Radial Velocity
254,Radial Velocity
255,Radial Velocity
256,Radial Velocity
257,Radial Velocity
258,Radial Velocity
259,Radial Velocity
260,Radial Velocity
261,Radial Velocity
262,Radial Velocity
263,Radial Velocity
264,Radial Velocity
265,Radial Velocity
266,Radial Velocity
267,Radial Velocity
268,Radial Velocity
269,Radial Velocity
270,Radial Velocity
271,Radial Velocity
272,Radial Velocity
273,Radial Velocity
274,Radial Velocity
275,Radial Velocity
276,Radial Velocity
277,Radial Velocity
278,Radial Velocity
279,Radial Velocity
280,Radial Velocity
281,Radial Velocity
282,Radial Velocity
283,Radial Velocity
284,Radial Velocity
