image,label
rain_418.jpg,rain
snow_150.jpg,snow
sunny_809.jpg,sunny
fog_750.jpg,fog
dust_646.jpg,dust
fog_28.jpg,fog
sunny_742.jpg,sunny
rain_1019.jpg,rain
snow_17.jpg,snow
snow_821.jpg,snow
rain_500.jpg,rain
snow_100.jpg,snow
snow_691.jpg,snow
sunny_83.jpg,sunny
sunny_1219.jpg,sunny
rain_492.jpg,rain
fog_350.jpg,fog
rain_172.jpg,rain
dust_344.jpg,dust
sunny_683.jpg,sunny
fog_429.jpg,fog
snow_106.jpg,snow
fog_390.jpg,fog
snow_438.jpg,snow
snow_47.jpg,snow
dust_611.jpg,dust
sunny_987.jpg,sunny
dust_356.jpg,dust
fog_309.jpg,fog
fog_724.jpg,fog
snow_103.jpg,snow
fog_197.jpg,fog
sunny_150.jpg,sunny
snow_201.jpg,snow
sunny_651.jpg,sunny
sunny_555.jpg,sunny
rain_279.jpg,rain
sunny_484.jpg,sunny
snow_445.jpg,snow
snow_82.jpg,snow
rain_467.jpg,rain
rain_468.jpg,rain
dust_561.jpg,dust
snow_621.jpg,snow
snow_1026.jpg,snow
dust_125.jpg,dust
rain_410.jpg,rain
fog_39.jpg,fog
fog_286.jpg,fog
rain_235.jpg,rain
snow_68.jpg,snow
dust_715.jpg,dust
fog_81.jpg,fog
fog_1.jpg,fog
snow_886.jpg,snow
sunny_1061.jpg,sunny
snow_13.jpg,snow
sunny_1202.jpg,sunny
dust_735.jpg,dust
sunny_866.jpg,sunny
dust_859.jpg,dust
dust_467.jpg,dust
dust_771.jpg,dust
rain_207.jpg,rain
fog_689.jpg,fog
fog_524.jpg,fog
rain_777.jpg,rain
sunny_65.jpg,sunny
rain_204.jpg,rain
snow_754.jpg,snow
snow_928.jpg,snow
dust_552.jpg,dust
dust_133.jpg,dust
fog_916.jpg,fog
snow_348.jpg,snow
sunny_700.jpg,sunny
rain_623.jpg,rain
fog_406.jpg,fog
sunny_232.jpg,sunny
snow_90.jpg,snow
sunny_465.jpg,sunny
sunny_797.jpg,sunny
dust_95.jpg,dust
sunny_1026.jpg,sunny
snow_680.jpg,snow
sunny_1196.jpg,sunny
rain_856.jpg,rain
sunny_971.jpg,sunny
rain_522.jpg,rain
fog_417.jpg,fog
sunny_1232.jpg,sunny
sunny_221.jpg,sunny
snow_277.jpg,snow
sunny_694.jpg,sunny
snow_819.jpg,snow
dust_616.jpg,dust
fog_7.jpg,fog
sunny_448.jpg,sunny
fog_386.jpg,fog
sunny_47.jpg,sunny
snow_173.jpg,snow
dust_998.jpg,dust
fog_512.jpg,fog
sunny_1173.jpg,sunny
fog_123.jpg,fog
sunny_31.jpg,sunny
dust_341.jpg,dust
rain_1050.jpg,rain
sunny_573.jpg,sunny
sunny_930.jpg,sunny
rain_1064.jpg,rain
rain_967.jpg,rain
sunny_560.jpg,sunny
fog_826.jpg,fog
fog_659.jpg,fog
rain_406.jpg,rain
sunny_795.jpg,sunny
rain_110.jpg,rain
fog_929.jpg,fog
dust_979.jpg,dust
dust_917.jpg,dust
fog_480.jpg,fog
sunny_256.jpg,sunny
dust_3.jpg,dust
dust_840.jpg,dust
fog_633.jpg,fog
sunny_965.jpg,sunny
sunny_59.jpg,sunny
sunny_855.jpg,sunny
sunny_1151.jpg,sunny
dust_177.jpg,dust
dust_516.jpg,dust
dust_286.jpg,dust
sunny_234.jpg,sunny
sunny_1002.jpg,sunny
sunny_28.jpg,sunny
snow_971.jpg,snow
dust_218.jpg,dust
dust_845.jpg,dust
rain_737.jpg,rain
sunny_107.jpg,sunny
snow_813.jpg,snow
rain_181.jpg,rain
dust_994.jpg,dust
dust_408.jpg,dust
sunny_36.jpg,sunny
dust_515.jpg,dust
snow_581.jpg,snow
snow_325.jpg,snow
snow_278.jpg,snow
snow_473.jpg,snow
dust_702.jpg,dust
snow_863.jpg,snow
dust_768.jpg,dust
fog_749.jpg,fog
snow_541.jpg,snow
fog_737.jpg,fog
fog_544.jpg,fog
rain_437.jpg,rain
rain_364.jpg,rain
fog_907.jpg,fog
fog_770.jpg,fog
snow_53.jpg,snow
sunny_493.jpg,sunny
dust_631.jpg,dust
dust_560.jpg,dust
sunny_932.jpg,sunny
rain_926.jpg,rain
snow_401.jpg,snow
snow_630.jpg,snow
dust_596.jpg,dust
snow_701.jpg,snow
snow_783.jpg,snow
dust_141.jpg,dust
sunny_1175.jpg,sunny
dust_262.jpg,dust
dust_477.jpg,dust
snow_222.jpg,snow
snow_836.jpg,snow
fog_850.jpg,fog
rain_16.jpg,rain
rain_645.jpg,rain
snow_443.jpg,snow
dust_716.jpg,dust
snow_643.jpg,snow
dust_678.jpg,dust
dust_647.jpg,dust
fog_824.jpg,fog
sunny_353.jpg,sunny
dust_622.jpg,dust
dust_935.jpg,dust
sunny_136.jpg,sunny
snow_550.jpg,snow
fog_53.jpg,fog
fog_728.jpg,fog
snow_373.jpg,snow
rain_1068.jpg,rain
fog_430.jpg,fog
rain_342.jpg,rain
fog_217.jpg,fog
rain_217.jpg,rain
fog_481.jpg,fog
rain_1016.jpg,rain
dust_730.jpg,dust
snow_193.jpg,snow
rain_291.jpg,rain
rain_752.jpg,rain
dust_161.jpg,dust
rain_168.jpg,rain
snow_458.jpg,snow
sunny_1046.jpg,sunny
dust_637.jpg,dust
rain_423.jpg,rain
fog_441.jpg,fog
rain_517.jpg,rain
rain_396.jpg,rain
dust_489.jpg,dust
rain_846.jpg,rain
rain_449.jpg,rain
snow_927.jpg,snow
dust_102.jpg,dust
snow_442.jpg,snow
sunny_344.jpg,sunny
snow_949.jpg,snow
sunny_798.jpg,sunny
fog_624.jpg,fog
dust_195.jpg,dust
dust_294.jpg,dust
rain_367.jpg,rain
sunny_634.jpg,sunny
sunny_208.jpg,sunny
fog_616.jpg,fog
sunny_996.jpg,sunny
snow_939.jpg,snow
dust_751.jpg,dust
dust_309.jpg,dust
sunny_249.jpg,sunny
rain_542.jpg,rain
rain_431.jpg,rain
dust_867.jpg,dust
snow_703.jpg,snow
rain_74.jpg,rain
sunny_164.jpg,sunny
sunny_113.jpg,sunny
rain_466.jpg,rain
snow_919.jpg,snow
rain_652.jpg,rain
dust_123.jpg,dust
sunny_554.jpg,sunny
snow_333.jpg,snow
fog_79.jpg,fog
sunny_1162.jpg,sunny
sunny_625.jpg,sunny
snow_717.jpg,snow
fog_433.jpg,fog
dust_982.jpg,dust
dust_987.jpg,dust
rain_79.jpg,rain
rain_544.jpg,rain
snow_727.jpg,snow
fog_210.jpg,fog
rain_1033.jpg,rain
sunny_95.jpg,sunny
dust_1022.jpg,dust
sunny_878.jpg,sunny
dust_373.jpg,dust
snow_787.jpg,snow
sunny_1335.jpg,sunny
sunny_488.jpg,sunny
rain_490.jpg,rain
sunny_959.jpg,sunny
fog_337.jpg,fog
rain_744.jpg,rain
rain_169.jpg,rain
sunny_1094.jpg,sunny
sunny_917.jpg,sunny
snow_263.jpg,snow
fog_368.jpg,fog
sunny_214.jpg,sunny
sunny_556.jpg,sunny
rain_533.jpg,rain
sunny_1191.jpg,sunny
sunny_1207.jpg,sunny
rain_598.jpg,rain
fog_438.jpg,fog
fog_666.jpg,fog
fog_878.jpg,fog
fog_191.jpg,fog
dust_241.jpg,dust
snow_18.jpg,snow
rain_563.jpg,rain
fog_118.jpg,fog
rain_40.jpg,rain
dust_655.jpg,dust
snow_121.jpg,snow
rain_625.jpg,rain
snow_336.jpg,snow
rain_433.jpg,rain
sunny_102.jpg,sunny
fog_680.jpg,fog
rain_448.jpg,rain
snow_812.jpg,snow
dust_56.jpg,dust
rain_863.jpg,rain
sunny_891.jpg,sunny
fog_77.jpg,fog
dust_142.jpg,dust
snow_51.jpg,snow
sunny_649.jpg,sunny
dust_136.jpg,dust
sunny_703.jpg,sunny
rain_979.jpg,rain
snow_723.jpg,snow
fog_120.jpg,fog
rain_976.jpg,rain
sunny_1107.jpg,sunny
snow_786.jpg,snow
fog_679.jpg,fog
snow_666.jpg,snow
fog_290.jpg,fog
dust_119.jpg,dust
sunny_637.jpg,sunny
fog_189.jpg,fog
sunny_961.jpg,sunny
fog_812.jpg,fog
sunny_179.jpg,sunny
sunny_1165.jpg,sunny
rain_212.jpg,rain
snow_145.jpg,snow
fog_304.jpg,fog
fog_518.jpg,fog
dust_934.jpg,dust
dust_554.jpg,dust
dust_608.jpg,dust
fog_188.jpg,fog
sunny_1280.jpg,sunny
sunny_983.jpg,sunny
dust_513.jpg,dust
dust_540.jpg,dust
snow_960.jpg,snow
dust_828.jpg,dust
rain_7.jpg,rain
fog_341.jpg,fog
dust_277.jpg,dust
rain_454.jpg,rain
fog_325.jpg,fog
dust_319.jpg,dust
rain_1005.jpg,rain
sunny_551.jpg,sunny
fog_223.jpg,fog
rain_681.jpg,rain
dust_693.jpg,dust
fog_729.jpg,fog
sunny_609.jpg,sunny
dust_243.jpg,dust
dust_910.jpg,dust
sunny_720.jpg,sunny
snow_181.jpg,snow
rain_387.jpg,rain
sunny_463.jpg,sunny
sunny_185.jpg,sunny
sunny_1324.jpg,sunny
sunny_61.jpg,sunny
sunny_1303.jpg,sunny
sunny_248.jpg,sunny
dust_933.jpg,dust
snow_216.jpg,snow
rain_481.jpg,rain
sunny_963.jpg,sunny
dust_12.jpg,dust
sunny_1049.jpg,sunny
sunny_740.jpg,sunny
sunny_1062.jpg,sunny
rain_880.jpg,rain
snow_739.jpg,snow
rain_1044.jpg,rain
rain_1036.jpg,rain
fog_214.jpg,fog
sunny_410.jpg,sunny
fog_813.jpg,fog
snow_15.jpg,snow
sunny_564.jpg,sunny
snow_1050.jpg,snow
rain_72.jpg,rain
snow_551.jpg,snow
dust_546.jpg,dust
snow_11.jpg,snow
sunny_1125.jpg,sunny
sunny_427.jpg,sunny
dust_174.jpg,dust
fog_204.jpg,fog
snow_742.jpg,snow
fog_685.jpg,fog
snow_695.jpg,snow
fog_323.jpg,fog
snow_671.jpg,snow
rain_699.jpg,rain
snow_887.jpg,snow
dust_834.jpg,dust
dust_66.jpg,dust
fog_514.jpg,fog
snow_989.jpg,snow
rain_99.jpg,rain
sunny_1086.jpg,sunny
snow_922.jpg,snow
snow_981.jpg,snow
sunny_173.jpg,sunny
fog_773.jpg,fog
dust_222.jpg,dust
fog_810.jpg,fog
rain_245.jpg,rain
dust_256.jpg,dust
dust_676.jpg,dust
sunny_301.jpg,sunny
snow_355.jpg,snow
sunny_496.jpg,sunny
sunny_936.jpg,sunny
dust_975.jpg,dust
fog_516.jpg,fog
sunny_1319.jpg,sunny
fog_492.jpg,fog
snow_78.jpg,snow
sunny_942.jpg,sunny
snow_142.jpg,snow
fog_598.jpg,fog
dust_250.jpg,dust
dust_498.jpg,dust
fog_126.jpg,fog
dust_650.jpg,dust
snow_207.jpg,snow
sunny_787.jpg,sunny
fog_684.jpg,fog
dust_475.jpg,dust
dust_347.jpg,dust
fog_664.jpg,fog
fog_173.jpg,fog
dust_203.jpg,dust
dust_873.jpg,dust
snow_526.jpg,snow
snow_199.jpg,snow
dust_792.jpg,dust
dust_605.jpg,dust
dust_118.jpg,dust
snow_247.jpg,snow
dust_1001.jpg,dust
fog_874.jpg,fog
rain_104.jpg,rain
sunny_1115.jpg,sunny
rain_834.jpg,rain
rain_398.jpg,rain
dust_420.jpg,dust
snow_462.jpg,snow
sunny_1110.jpg,sunny
snow_925.jpg,snow
fog_713.jpg,fog
snow_362.jpg,snow
rain_548.jpg,rain
snow_8.jpg,snow
snow_209.jpg,snow
sunny_455.jpg,sunny
sunny_927.jpg,sunny
snow_536.jpg,snow
sunny_293.jpg,sunny
sunny_483.jpg,sunny
rain_915.jpg,rain
sunny_821.jpg,sunny
snow_644.jpg,snow
dust_991.jpg,dust
sunny_815.jpg,sunny
snow_293.jpg,snow
sunny_868.jpg,sunny
sunny_1282.jpg,sunny
fog_426.jpg,fog
fog_726.jpg,fog
rain_571.jpg,rain
rain_890.jpg,rain
sunny_130.jpg,sunny
fog_699.jpg,fog
snow_414.jpg,snow
dust_257.jpg,dust
sunny_864.jpg,sunny
fog_318.jpg,fog
rain_786.jpg,rain
snow_149.jpg,snow
dust_94.jpg,dust
rain_312.jpg,rain
snow_1055.jpg,snow
snow_370.jpg,snow
rain_42.jpg,rain
fog_625.jpg,fog
rain_966.jpg,rain
rain_575.jpg,rain
fog_834.jpg,fog
sunny_885.jpg,sunny
dust_636.jpg,dust
rain_773.jpg,rain
fog_75.jpg,fog
sunny_544.jpg,sunny
fog_277.jpg,fog
fog_73.jpg,fog
snow_672.jpg,snow
dust_662.jpg,dust
rain_434.jpg,rain
fog_537.jpg,fog
sunny_1105.jpg,sunny
rain_373.jpg,rain
sunny_103.jpg,sunny
snow_933.jpg,snow
fog_896.jpg,fog
dust_524.jpg,dust
sunny_505.jpg,sunny
rain_541.jpg,rain
rain_151.jpg,rain
fog_855.jpg,fog
sunny_442.jpg,sunny
rain_114.jpg,rain
snow_848.jpg,snow
dust_16.jpg,dust
sunny_139.jpg,sunny
sunny_1256.jpg,sunny
sunny_6.jpg,sunny
sunny_200.jpg,sunny
rain_530.jpg,rain
snow_75.jpg,snow
dust_164.jpg,dust
rain_361.jpg,rain
sunny_785.jpg,sunny
sunny_5.jpg,sunny
snow_900.jpg,snow
fog_472.jpg,fog
dust_173.jpg,dust
snow_424.jpg,snow
snow_7.jpg,snow
sunny_137.jpg,sunny
fog_476.jpg,fog
dust_350.jpg,dust
fog_17.jpg,fog
snow_977.jpg,snow
rain_376.jpg,rain
rain_540.jpg,rain
fog_382.jpg,fog
snow_889.jpg,snow
dust_809.jpg,dust
dust_549.jpg,dust
rain_639.jpg,rain
dust_280.jpg,dust
snow_61.jpg,snow
sunny_744.jpg,sunny
snow_301.jpg,snow
fog_31.jpg,fog
rain_734.jpg,rain
rain_441.jpg,rain
fog_473.jpg,fog
sunny_635.jpg,sunny
sunny_1323.jpg,sunny
dust_664.jpg,dust
rain_977.jpg,rain
dust_311.jpg,dust
rain_349.jpg,rain
rain_993.jpg,rain
fog_506.jpg,fog
rain_984.jpg,rain
sunny_952.jpg,sunny
snow_547.jpg,snow
snow_763.jpg,snow
fog_822.jpg,fog
fog_468.jpg,fog
rain_917.jpg,rain
rain_1014.jpg,rain
sunny_849.jpg,sunny
snow_539.jpg,snow
rain_182.jpg,rain
rain_605.jpg,rain
dust_187.jpg,dust
snow_158.jpg,snow
snow_238.jpg,snow
snow_641.jpg,snow
dust_679.jpg,dust
fog_742.jpg,fog
fog_882.jpg,fog
rain_4.jpg,rain
rain_686.jpg,rain
sunny_535.jpg,sunny
rain_351.jpg,rain
fog_65.jpg,fog
snow_785.jpg,snow
fog_847.jpg,fog
rain_758.jpg,rain
fog_912.jpg,fog
dust_120.jpg,dust
snow_303.jpg,snow
sunny_337.jpg,sunny
snow_28.jpg,snow
snow_281.jpg,snow
snow_1065.jpg,snow
sunny_641.jpg,sunny
dust_484.jpg,dust
fog_453.jpg,fog
sunny_1025.jpg,sunny
fog_901.jpg,fog
snow_1052.jpg,snow
fog_643.jpg,fog
snow_553.jpg,snow
dust_183.jpg,dust
fog_870.jpg,fog
sunny_712.jpg,sunny
dust_505.jpg,dust
snow_89.jpg,snow
sunny_1136.jpg,sunny
sunny_20.jpg,sunny
sunny_632.jpg,sunny
dust_827.jpg,dust
snow_406.jpg,snow
snow_344.jpg,snow
rain_656.jpg,rain
sunny_626.jpg,sunny
sunny_1178.jpg,sunny
rain_439.jpg,rain
dust_184.jpg,dust
snow_842.jpg,snow
snow_273.jpg,snow
rain_475.jpg,rain
snow_231.jpg,snow
rain_355.jpg,rain
dust_284.jpg,dust
rain_180.jpg,rain
sunny_401.jpg,sunny
rain_489.jpg,rain
rain_586.jpg,rain
dust_419.jpg,dust
sunny_907.jpg,sunny
fog_444.jpg,fog
snow_256.jpg,snow
snow_618.jpg,snow
dust_889.jpg,dust
sunny_333.jpg,sunny
snow_835.jpg,snow
dust_287.jpg,dust
dust_329.jpg,dust
rain_942.jpg,rain
snow_755.jpg,snow
rain_474.jpg,rain
dust_956.jpg,dust
sunny_988.jpg,sunny
snow_246.jpg,snow
dust_4.jpg,dust
fog_383.jpg,fog
snow_596.jpg,snow
rain_71.jpg,rain
dust_773.jpg,dust
sunny_1268.jpg,sunny
rain_14.jpg,rain
sunny_602.jpg,sunny
dust_523.jpg,dust
snow_45.jpg,snow
rain_76.jpg,rain
dust_849.jpg,dust
rain_377.jpg,rain
rain_935.jpg,rain
sunny_1145.jpg,sunny
snow_494.jpg,snow
sunny_1118.jpg,sunny
sunny_1330.jpg,sunny
sunny_1304.jpg,sunny
rain_981.jpg,rain
rain_821.jpg,rain
fog_99.jpg,fog
snow_1064.jpg,snow
dust_625.jpg,dust
rain_868.jpg,rain
rain_164.jpg,rain
sunny_1218.jpg,sunny
dust_947.jpg,dust
fog_155.jpg,fog
fog_106.jpg,fog
snow_430.jpg,snow
sunny_100.jpg,sunny
sunny_1111.jpg,sunny
snow_74.jpg,snow
rain_211.jpg,rain
rain_294.jpg,rain
rain_399.jpg,rain
rain_909.jpg,rain
rain_262.jpg,rain
dust_313.jpg,dust
rain_55.jpg,rain
rain_596.jpg,rain
rain_791.jpg,rain
rain_318.jpg,rain
snow_571.jpg,snow
sunny_770.jpg,sunny
snow_676.jpg,snow
fog_479.jpg,fog
snow_210.jpg,snow
fog_91.jpg,fog
fog_322.jpg,fog
sunny_1264.jpg,sunny
rain_187.jpg,rain
snow_447.jpg,snow
dust_300.jpg,dust
fog_110.jpg,fog
sunny_292.jpg,sunny
fog_16.jpg,fog
dust_783.jpg,dust
fog_138.jpg,fog
fog_845.jpg,fog
sunny_902.jpg,sunny
sunny_960.jpg,sunny
fog_131.jpg,fog
sunny_403.jpg,sunny
snow_200.jpg,snow
snow_91.jpg,snow
rain_483.jpg,rain
sunny_729.jpg,sunny
sunny_1051.jpg,sunny
fog_648.jpg,fog
fog_213.jpg,fog
sunny_511.jpg,sunny
fog_915.jpg,fog
sunny_903.jpg,sunny
dust_492.jpg,dust
dust_1016.jpg,dust
rain_761.jpg,rain
dust_526.jpg,dust
rain_519.jpg,rain
sunny_998.jpg,sunny
snow_984.jpg,snow
sunny_449.jpg,sunny
rain_705.jpg,rain
sunny_619.jpg,sunny
snow_1008.jpg,snow
fog_88.jpg,fog
snow_437.jpg,snow
dust_1020.jpg,dust
fog_300.jpg,fog
sunny_588.jpg,sunny
fog_295.jpg,fog
snow_290.jpg,snow
sunny_291.jpg,sunny
fog_71.jpg,fog
dust_84.jpg,dust
dust_273.jpg,dust
snow_805.jpg,snow
rain_395.jpg,rain
rain_1030.jpg,rain
sunny_305.jpg,sunny
sunny_1084.jpg,sunny
snow_498.jpg,snow
dust_814.jpg,dust
sunny_1065.jpg,sunny
rain_820.jpg,rain
dust_737.jpg,dust
snow_932.jpg,snow
snow_1057.jpg,snow
fog_393.jpg,fog
rain_788.jpg,rain
fog_828.jpg,fog
snow_388.jpg,snow
sunny_977.jpg,sunny
dust_844.jpg,dust
sunny_246.jpg,sunny
sunny_16.jpg,sunny
dust_788.jpg,dust
fog_782.jpg,fog
dust_204.jpg,dust
dust_26.jpg,dust
sunny_86.jpg,sunny
dust_422.jpg,dust
dust_823.jpg,dust
snow_554.jpg,snow
snow_792.jpg,snow
dust_756.jpg,dust
sunny_792.jpg,sunny
sunny_994.jpg,sunny
fog_900.jpg,fog
sunny_608.jpg,sunny
rain_41.jpg,rain
fog_789.jpg,fog
dust_121.jpg,dust
sunny_1291.jpg,sunny
dust_411.jpg,dust
dust_470.jpg,dust
sunny_578.jpg,sunny
sunny_323.jpg,sunny
dust_899.jpg,dust
dust_537.jpg,dust
dust_916.jpg,dust
dust_244.jpg,dust
fog_127.jpg,fog
rain_945.jpg,rain
sunny_1185.jpg,sunny
sunny_1217.jpg,sunny
rain_684.jpg,rain
dust_453.jpg,dust
dust_214.jpg,dust
sunny_329.jpg,sunny
dust_853.jpg,dust
fog_27.jpg,fog
rain_1046.jpg,rain
dust_658.jpg,dust
fog_626.jpg,fog
sunny_574.jpg,sunny
fog_198.jpg,fog
fog_550.jpg,fog
fog_370.jpg,fog
sunny_758.jpg,sunny
snow_474.jpg,snow
fog_114.jpg,fog
snow_851.jpg,snow
rain_100.jpg,rain
fog_738.jpg,fog
snow_988.jpg,snow
snow_524.jpg,snow
fog_547.jpg,fog
rain_590.jpg,rain
snow_404.jpg,snow
fog_161.jpg,fog
rain_243.jpg,rain
snow_562.jpg,snow
snow_14.jpg,snow
snow_1013.jpg,snow
sunny_754.jpg,sunny
dust_951.jpg,dust
rain_583.jpg,rain
dust_379.jpg,dust
fog_496.jpg,fog
snow_360.jpg,snow
dust_528.jpg,dust
dust_753.jpg,dust
sunny_171.jpg,sunny
rain_558.jpg,rain
sunny_27.jpg,sunny
rain_404.jpg,rain
snow_795.jpg,snow
fog_14.jpg,fog
snow_902.jpg,snow
sunny_13.jpg,sunny
dust_307.jpg,dust
rain_316.jpg,rain
rain_697.jpg,rain
sunny_817.jpg,sunny
dust_919.jpg,dust
rain_907.jpg,rain
rain_421.jpg,rain
snow_332.jpg,snow
dust_871.jpg,dust
dust_825.jpg,dust
rain_629.jpg,rain
dust_900.jpg,dust
rain_1032.jpg,rain
fog_634.jpg,fog
sunny_710.jpg,sunny
dust_527.jpg,dust
dust_939.jpg,dust
dust_403.jpg,dust
rain_236.jpg,rain
sunny_190.jpg,sunny
sunny_975.jpg,sunny
fog_667.jpg,fog
rain_218.jpg,rain
rain_304.jpg,rain
snow_49.jpg,snow
fog_93.jpg,fog
rain_452.jpg,rain
fog_799.jpg,fog
dust_360.jpg,dust
dust_588.jpg,dust
sunny_999.jpg,sunny
dust_624.jpg,dust
fog_49.jpg,fog
sunny_636.jpg,sunny
dust_800.jpg,dust
sunny_1036.jpg,sunny
sunny_441.jpg,sunny
rain_6.jpg,rain
dust_448.jpg,dust
dust_11.jpg,dust
dust_681.jpg,dust
rain_661.jpg,rain
sunny_516.jpg,sunny
dust_782.jpg,dust
fog_555.jpg,fog
rain_955.jpg,rain
fog_763.jpg,fog
rain_322.jpg,rain
rain_139.jpg,rain
sunny_123.jpg,sunny
sunny_728.jpg,sunny
rain_965.jpg,rain
fog_505.jpg,fog
snow_1051.jpg,snow
fog_569.jpg,fog
sunny_487.jpg,sunny
snow_213.jpg,snow
fog_248.jpg,fog
sunny_1042.jpg,sunny
rain_663.jpg,rain
sunny_417.jpg,sunny
fog_109.jpg,fog
sunny_447.jpg,sunny
dust_911.jpg,dust
fog_836.jpg,fog
rain_747.jpg,rain
dust_143.jpg,dust
dust_336.jpg,dust
sunny_1069.jpg,sunny
dust_566.jpg,dust
dust_639.jpg,dust
sunny_1116.jpg,sunny
rain_320.jpg,rain
fog_260.jpg,fog
snow_702.jpg,snow
dust_915.jpg,dust
dust_511.jpg,dust
rain_936.jpg,rain
snow_831.jpg,snow
fog_491.jpg,fog
rain_394.jpg,rain
sunny_1229.jpg,sunny
fog_246.jpg,fog
snow_961.jpg,snow
dust_438.jpg,dust
snow_421.jpg,snow
fog_762.jpg,fog
rain_701.jpg,rain
fog_572.jpg,fog
fog_332.jpg,fog
rain_488.jpg,rain
rain_943.jpg,rain
dust_774.jpg,dust
rain_1066.jpg,rain
sunny_274.jpg,sunny
sunny_24.jpg,sunny
sunny_530.jpg,sunny
rain_613.jpg,rain
sunny_1044.jpg,sunny
rain_189.jpg,rain
snow_716.jpg,snow
sunny_1066.jpg,sunny
snow_369.jpg,snow
sunny_992.jpg,sunny
sunny_656.jpg,sunny
rain_106.jpg,rain
snow_115.jpg,snow
dust_208.jpg,dust
sunny_1023.jpg,sunny
rain_369.jpg,rain
rain_390.jpg,rain
sunny_37.jpg,sunny
snow_871.jpg,snow
sunny_1022.jpg,sunny
dust_253.jpg,dust
sunny_315.jpg,sunny
snow_980.jpg,snow
snow_126.jpg,snow
snow_706.jpg,snow
sunny_1212.jpg,sunny
sunny_82.jpg,sunny
dust_865.jpg,dust
rain_963.jpg,rain
rain_287.jpg,rain
sunny_362.jpg,sunny
fog_329.jpg,fog
sunny_167.jpg,sunny
snow_265.jpg,snow
sunny_693.jpg,sunny
sunny_973.jpg,sunny
fog_853.jpg,fog
sunny_259.jpg,sunny
snow_508.jpg,snow
sunny_1300.jpg,sunny
fog_525.jpg,fog
fog_5.jpg,fog
fog_914.jpg,fog
fog_817.jpg,fog
dust_374.jpg,dust
sunny_1032.jpg,sunny
dust_501.jpg,dust
snow_339.jpg,snow
snow_825.jpg,snow
rain_861.jpg,rain
snow_682.jpg,snow
snow_84.jpg,snow
fog_342.jpg,fog
fog_219.jpg,fog
sunny_370.jpg,sunny
sunny_906.jpg,sunny
rain_239.jpg,rain
snow_1032.jpg,snow
rain_987.jpg,rain
sunny_1035.jpg,sunny
fog_428.jpg,fog
sunny_799.jpg,sunny
dust_818.jpg,dust
snow_760.jpg,snow
snow_137.jpg,snow
snow_233.jpg,snow
rain_986.jpg,rain
snow_364.jpg,snow
sunny_587.jpg,sunny
rain_30.jpg,rain
snow_965.jpg,snow
sunny_347.jpg,sunny
sunny_218.jpg,sunny
snow_35.jpg,snow
rain_409.jpg,rain
sunny_1279.jpg,sunny
snow_1024.jpg,snow
rain_1051.jpg,rain
sunny_985.jpg,sunny
sunny_2.jpg,sunny
fog_176.jpg,fog
snow_446.jpg,snow
fog_536.jpg,fog
rain_923.jpg,rain
snow_1002.jpg,snow
fog_192.jpg,fog
fog_312.jpg,fog
sunny_730.jpg,sunny
sunny_900.jpg,sunny
dust_91.jpg,dust
dust_861.jpg,dust
sunny_497.jpg,sunny
snow_415.jpg,snow
snow_153.jpg,snow
fog_389.jpg,fog
snow_796.jpg,snow
sunny_312.jpg,sunny
sunny_610.jpg,sunny
sunny_1016.jpg,sunny
sunny_360.jpg,sunny
sunny_346.jpg,sunny
rain_816.jpg,rain
fog_663.jpg,fog
dust_642.jpg,dust
sunny_750.jpg,sunny
rain_263.jpg,rain
dust_83.jpg,dust
snow_252.jpg,snow
fog_801.jpg,fog
rain_688.jpg,rain
fog_868.jpg,fog
dust_744.jpg,dust
sunny_300.jpg,sunny
dust_39.jpg,dust
sunny_30.jpg,sunny
rain_350.jpg,rain
sunny_32.jpg,sunny
fog_767.jpg,fog
dust_822.jpg,dust
sunny_862.jpg,sunny
rain_356.jpg,rain
fog_932.jpg,fog
snow_481.jpg,snow
dust_1002.jpg,dust
fog_469.jpg,fog
sunny_49.jpg,sunny
snow_189.jpg,snow
fog_539.jpg,fog
rain_732.jpg,rain
rain_792.jpg,rain
sunny_643.jpg,sunny
snow_156.jpg,snow
snow_692.jpg,snow
sunny_762.jpg,sunny
sunny_189.jpg,sunny
snow_779.jpg,snow
dust_134.jpg,dust
sunny_203.jpg,sunny
sunny_777.jpg,sunny
rain_828.jpg,rain
fog_372.jpg,fog
dust_205.jpg,dust
snow_514.jpg,snow
sunny_201.jpg,sunny
fog_644.jpg,fog
fog_933.jpg,fog
sunny_1184.jpg,sunny
sunny_948.jpg,sunny
rain_994.jpg,rain
rain_847.jpg,rain
sunny_796.jpg,sunny
rain_617.jpg,rain
fog_292.jpg,fog
sunny_1058.jpg,sunny
sunny_220.jpg,sunny
fog_116.jpg,fog
dust_868.jpg,dust
sunny_424.jpg,sunny
sunny_375.jpg,sunny
fog_781.jpg,fog
fog_364.jpg,fog
rain_852.jpg,rain
snow_830.jpg,snow
snow_832.jpg,snow
dust_99.jpg,dust
dust_57.jpg,dust
dust_193.jpg,dust
sunny_1067.jpg,sunny
sunny_43.jpg,sunny
dust_767.jpg,dust
rain_160.jpg,rain
snow_258.jpg,snow
rain_63.jpg,rain
fog_273.jpg,fog
sunny_1047.jpg,sunny
sunny_439.jpg,sunny
rain_170.jpg,rain
sunny_890.jpg,sunny
rain_366.jpg,rain
snow_178.jpg,snow
snow_412.jpg,snow
dust_992.jpg,dust
rain_556.jpg,rain
dust_534.jpg,dust
fog_409.jpg,fog
sunny_1041.jpg,sunny
rain_916.jpg,rain
fog_225.jpg,fog
snow_304.jpg,snow
rain_842.jpg,rain
rain_47.jpg,rain
sunny_252.jpg,sunny
fog_617.jpg,fog
dust_328.jpg,dust
sunny_25.jpg,sunny
snow_371.jpg,snow
rain_919.jpg,rain
fog_564.jpg,fog
snow_109.jpg,snow
dust_381.jpg,dust
sunny_1146.jpg,sunny
rain_735.jpg,rain
snow_737.jpg,snow
fog_324.jpg,fog
dust_881.jpg,dust
dust_930.jpg,dust
fog_308.jpg,fog
rain_17.jpg,rain
dust_673.jpg,dust
sunny_534.jpg,sunny
fog_909.jpg,fog
snow_138.jpg,snow
fog_808.jpg,fog
dust_254.jpg,dust
rain_397.jpg,rain
rain_736.jpg,rain
rain_520.jpg,rain
rain_408.jpg,rain
dust_464.jpg,dust
rain_283.jpg,rain
sunny_327.jpg,sunny
fog_695.jpg,fog
dust_163.jpg,dust
dust_237.jpg,dust
rain_86.jpg,rain
sunny_1249.jpg,sunny
rain_363.jpg,rain
sunny_1119.jpg,sunny
fog_78.jpg,fog
sunny_1138.jpg,sunny
snow_582.jpg,snow
snow_162.jpg,snow
sunny_1039.jpg,sunny
sunny_1000.jpg,sunny
sunny_517.jpg,sunny
dust_615.jpg,dust
snow_521.jpg,snow
fog_244.jpg,fog
rain_715.jpg,rain
sunny_374.jpg,sunny
dust_275.jpg,dust
rain_1012.jpg,rain
fog_236.jpg,fog
dust_630.jpg,dust
sunny_723.jpg,sunny
sunny_1089.jpg,sunny
dust_390.jpg,dust
rain_424.jpg,rain
dust_358.jpg,dust
sunny_174.jpg,sunny
rain_611.jpg,rain
sunny_151.jpg,sunny
dust_321.jpg,dust
rain_759.jpg,rain
snow_888.jpg,snow
fog_352.jpg,fog
rain_698.jpg,rain
snow_490.jpg,snow
fog_366.jpg,fog
snow_586.jpg,snow
snow_781.jpg,snow
sunny_188.jpg,sunny
fog_628.jpg,fog
fog_735.jpg,fog
rain_771.jpg,rain
fog_339.jpg,fog
sunny_1155.jpg,sunny
snow_79.jpg,snow
sunny_73.jpg,sunny
fog_454.jpg,fog
snow_798.jpg,snow
dust_375.jpg,dust
dust_564.jpg,dust
fog_709.jpg,fog
dust_694.jpg,dust
fog_688.jpg,fog
rain_241.jpg,rain
fog_76.jpg,fog
fog_849.jpg,fog
dust_449.jpg,dust
fog_376.jpg,fog
snow_1019.jpg,snow
sunny_22.jpg,sunny
dust_98.jpg,dust
rain_197.jpg,rain
sunny_734.jpg,sunny
snow_576.jpg,snow
sunny_491.jpg,sunny
sunny_161.jpg,sunny
fog_381.jpg,fog
snow_809.jpg,snow
sunny_330.jpg,sunny
snow_1054.jpg,snow
sunny_385.jpg,sunny
dust_787.jpg,dust
sunny_114.jpg,sunny
fog_657.jpg,fog
snow_363.jpg,snow
rain_716.jpg,rain
rain_427.jpg,rain
rain_730.jpg,rain
snow_675.jpg,snow
sunny_1334.jpg,sunny
snow_575.jpg,snow
snow_249.jpg,snow
snow_518.jpg,snow
sunny_435.jpg,sunny
fog_343.jpg,fog
snow_970.jpg,snow
fog_928.jpg,fog
dust_451.jpg,dust
fog_408.jpg,fog
sunny_685.jpg,sunny
sunny_1194.jpg,sunny
snow_480.jpg,snow
dust_229.jpg,dust
sunny_565.jpg,sunny
rain_128.jpg,rain
rain_640.jpg,rain
sunny_645.jpg,sunny
sunny_688.jpg,sunny
dust_315.jpg,dust
sunny_937.jpg,sunny
snow_722.jpg,snow
rain_585.jpg,rain
sunny_351.jpg,sunny
fog_144.jpg,fog
snow_148.jpg,snow
dust_30.jpg,dust
fog_180.jpg,fog
sunny_601.jpg,sunny
snow_22.jpg,snow
snow_1039.jpg,snow
fog_177.jpg,fog
sunny_933.jpg,sunny
rain_779.jpg,rain
dust_48.jpg,dust
dust_318.jpg,dust
rain_288.jpg,rain
sunny_115.jpg,sunny
fog_9.jpg,fog
rain_32.jpg,rain
snow_1037.jpg,snow
dust_633.jpg,dust
snow_269.jpg,snow
sunny_916.jpg,sunny
fog_13.jpg,fog
sunny_650.jpg,sunny
rain_2.jpg,rain
sunny_243.jpg,sunny
rain_1043.jpg,rain
dust_239.jpg,dust
fog_650.jpg,fog
snow_784.jpg,snow
dust_1013.jpg,dust
dust_496.jpg,dust
sunny_217.jpg,sunny
fog_289.jpg,fog
snow_101.jpg,snow
dust_530.jpg,dust
sunny_1230.jpg,sunny
snow_758.jpg,snow
rain_265.jpg,rain
snow_338.jpg,snow
fog_697.jpg,fog
fog_774.jpg,fog
rain_111.jpg,rain
dust_902.jpg,dust
snow_578.jpg,snow
rain_290.jpg,rain
dust_312.jpg,dust
dust_550.jpg,dust
sunny_591.jpg,sunny
fog_921.jpg,fog
rain_417.jpg,rain
sunny_35.jpg,sunny
sunny_1314.jpg,sunny
fog_804.jpg,fog
snow_538.jpg,snow
snow_70.jpg,snow
dust_517.jpg,dust
rain_31.jpg,rain
snow_125.jpg,snow
dust_362.jpg,dust
sunny_211.jpg,sunny
fog_672.jpg,fog
snow_198.jpg,snow
rain_438.jpg,rain
sunny_664.jpg,sunny
snow_26.jpg,snow
rain_191.jpg,rain
sunny_1027.jpg,sunny
dust_531.jpg,dust
dust_385.jpg,dust
dust_689.jpg,dust
sunny_1040.jpg,sunny
sunny_822.jpg,sunny
dust_198.jpg,dust
snow_797.jpg,snow
snow_804.jpg,snow
rain_219.jpg,rain
dust_172.jpg,dust
dust_555.jpg,dust
rain_514.jpg,rain
sunny_1179.jpg,sunny
rain_692.jpg,rain
rain_303.jpg,rain
sunny_0.jpg,sunny
sunny_1113.jpg,sunny
sunny_156.jpg,sunny
sunny_615.jpg,sunny
sunny_882.jpg,sunny
sunny_655.jpg,sunny
rain_765.jpg,rain
rain_830.png,rain
dust_922.jpg,dust
rain_130.jpg,rain
snow_544.jpg,snow
fog_873.jpg,fog
snow_1010.jpg,snow
sunny_345.jpg,sunny
snow_608.jpg,snow
dust_903.jpg,dust
sunny_250.jpg,sunny
dust_52.jpg,dust
sunny_1163.jpg,sunny
dust_283.jpg,dust
dust_113.jpg,dust
dust_32.jpg,dust
snow_647.jpg,snow
snow_745.jpg,snow
snow_471.jpg,snow
sunny_851.jpg,sunny
fog_558.jpg,fog
snow_157.jpg,snow
snow_176.jpg,snow
fog_313.jpg,fog
sunny_630.jpg,sunny
snow_72.jpg,snow
dust_272.jpg,dust
fog_95.jpg,fog
sunny_1248.jpg,sunny
fog_681.jpg,fog
rain_568.jpg,rain
dust_354.jpg,dust
sunny_304.jpg,sunny
rain_709.jpg,rain
snow_801.jpg,snow
sunny_532.jpg,sunny
sunny_501.jpg,sunny
snow_633.jpg,snow
snow_465.jpg,snow
dust_952.jpg,dust
dust_594.jpg,dust
snow_491.jpg,snow
dust_308.jpg,dust
rain_576.jpg,rain
rain_129.jpg,rain
dust_212.jpg,dust
snow_741.jpg,snow
fog_165.jpg,fog
sunny_1152.jpg,sunny
dust_339.jpg,dust
sunny_806.jpg,sunny
rain_225.jpg,rain
dust_281.jpg,dust
rain_273.jpg,rain
rain_818.jpg,rain
fog_579.jpg,fog
fog_764.jpg,fog
sunny_183.jpg,sunny
fog_35.jpg,fog
fog_860.jpg,fog
sunny_638.jpg,sunny
rain_833.jpg,rain
fog_19.jpg,fog
fog_655.jpg,fog
rain_811.jpg,rain
fog_418.jpg,fog
fog_647.jpg,fog
rain_451.jpg,rain
fog_565.jpg,fog
fog_919.jpg,fog
sunny_1210.jpg,sunny
sunny_1270.jpg,sunny
snow_875.jpg,snow
rain_27.jpg,rain
sunny_499.jpg,sunny
sunny_453.jpg,sunny
sunny_181.jpg,sunny
dust_53.jpg,dust
snow_719.jpg,snow
dust_457.jpg,dust
dust_452.jpg,dust
rain_526.jpg,rain
rain_806.jpg,rain
fog_315.jpg,fog
fog_809.jpg,fog
snow_713.jpg,snow
fog_420.jpg,fog
sunny_68.jpg,sunny
sunny_874.jpg,sunny
sunny_265.jpg,sunny
fog_280.jpg,fog
dust_54.jpg,dust
snow_991.jpg,snow
snow_1036.jpg,snow
sunny_328.jpg,sunny
snow_664.jpg,snow
snow_677.jpg,snow
rain_844.jpg,rain
snow_1018.jpg,snow
rain_635.jpg,rain
rain_799.jpg,rain
snow_979.jpg,snow
snow_517.jpg,snow
snow_21.jpg,snow
rain_796.jpg,rain
rain_327.jpg,rain
sunny_557.jpg,sunny
rain_998.jpg,rain
sunny_570.jpg,sunny
fog_385.jpg,fog
sunny_1284.jpg,sunny
fog_195.jpg,fog
sunny_295.jpg,sunny
rain_893.jpg,rain
fog_74.jpg,fog
snow_475.jpg,snow
snow_25.jpg,snow
dust_14.jpg,dust
rain_574.jpg,rain
dust_703.jpg,dust
sunny_319.jpg,sunny
sunny_725.jpg,sunny
sunny_1158.jpg,sunny
snow_477.jpg,snow
dust_696.jpg,dust
fog_475.jpg,fog
dust_364.jpg,dust
sunny_54.jpg,sunny
dust_569.jpg,dust
snow_391.jpg,snow
sunny_372.jpg,sunny
dust_460.jpg,dust
rain_900.jpg,rain
rain_298.jpg,rain
dust_877.jpg,dust
dust_427.jpg,dust
snow_482.jpg,snow
sunny_778.jpg,sunny
snow_849.jpg,snow
sunny_1251.jpg,sunny
snow_274.jpg,snow
sunny_1205.jpg,sunny
rain_866.jpg,rain
dust_712.jpg,dust
rain_81.jpg,rain
sunny_486.jpg,sunny
sunny_1295.jpg,sunny
snow_120.jpg,snow
rain_553.jpg,rain
fog_224.jpg,fog
dust_670.jpg,dust
sunny_687.jpg,sunny
fog_521.jpg,fog
sunny_698.jpg,sunny
snow_941.jpg,snow
sunny_476.jpg,sunny
dust_334.jpg,dust
fog_784.jpg,fog
rain_317.jpg,rain
dust_742.jpg,dust
sunny_612.jpg,sunny
fog_283.jpg,fog
fog_287.jpg,fog
snow_226.jpg,snow
rain_163.jpg,rain
sunny_727.jpg,sunny
sunny_44.jpg,sunny
dust_725.jpg,dust
fog_608.jpg,fog
snow_585.jpg,snow
fog_599.jpg,fog
fog_888.jpg,fog
sunny_1130.jpg,sunny
sunny_605.jpg,sunny
fog_148.jpg,fog
sunny_58.jpg,sunny
snow_460.jpg,snow
dust_259.jpg,dust
sunny_910.jpg,sunny
dust_108.jpg,dust
sunny_376.jpg,sunny
rain_203.jpg,rain
snow_639.jpg,snow
fog_526.jpg,fog
rain_819.jpg,rain
rain_368.jpg,rain
rain_267.jpg,rain
fog_851.jpg,fog
fog_233.jpg,fog
snow_36.jpg,snow
sunny_506.jpg,sunny
fog_538.jpg,fog
fog_291.jpg,fog
dust_182.jpg,dust
sunny_1269.jpg,sunny
rain_593.jpg,rain
dust_35.jpg,dust
fog_34.jpg,fog
dust_503.jpg,dust
dust_426.jpg,dust
sunny_1010.jpg,sunny
sunny_1204.jpg,sunny
fog_651.jpg,fog
rain_985.jpg,rain
dust_221.jpg,dust
fog_194.jpg,fog
rain_95.jpg,rain
rain_798.jpg,rain
fog_493.jpg,fog
sunny_621.jpg,sunny
snow_777.jpg,snow
rain_881.jpg,rain
snow_883.jpg,snow
sunny_1131.jpg,sunny
snow_228.jpg,snow
sunny_1190.jpg,sunny
rain_951.jpg,rain
sunny_116.jpg,sunny
fog_48.jpg,fog
dust_228.jpg,dust
fog_336.jpg,fog
dust_620.jpg,dust
sunny_56.jpg,sunny
fog_445.jpg,fog
fog_464.jpg,fog
snow_419.jpg,snow
rain_115.jpg,rain
snow_893.jpg,snow
rain_325.jpg,rain
snow_330.jpg,snow
sunny_140.jpg,sunny
sunny_97.jpg,sunny
sunny_296.jpg,sunny
sunny_1063.jpg,sunny
fog_32.jpg,fog
dust_357.jpg,dust
sunny_175.jpg,sunny
sunny_1318.jpg,sunny
rain_958.jpg,rain
fog_69.jpg,fog
sunny_1055.jpg,sunny
snow_655.jpg,snow
dust_89.jpg,dust
snow_295.jpg,snow
sunny_393.jpg,sunny
rain_230.jpg,rain
fog_788.jpg,fog
dust_950.jpg,dust
rain_829.jpg,rain
sunny_1182.jpg,sunny
rain_848.jpg,rain
sunny_716.jpg,sunny
snow_165.jpg,snow
sunny_386.jpg,sunny
snow_598.jpg,snow
fog_414.jpg,fog
rain_879.jpg,rain
snow_659.jpg,snow
sunny_1167.jpg,sunny
sunny_1097.jpg,sunny
sunny_1187.jpg,sunny
dust_599.jpg,dust
snow_776.jpg,snow
sunny_1281.jpg,sunny
snow_1035.jpg,snow
sunny_662.jpg,sunny
dust_713.jpg,dust
sunny_1257.jpg,sunny
dust_413.jpg,dust
snow_86.jpg,snow
sunny_122.jpg,sunny
snow_956.jpg,snow
sunny_106.jpg,sunny
snow_903.jpg,snow
snow_467.jpg,snow
snow_810.jpg,snow
sunny_569.jpg,sunny
dust_695.jpg,dust
snow_595.jpg,snow
sunny_593.jpg,sunny
dust_400.jpg,dust
dust_682.jpg,dust
fog_67.jpg,fog
sunny_281.jpg,sunny
rain_223.jpg,rain
dust_643.jpg,dust
fog_885.jpg,fog
sunny_926.jpg,sunny
rain_772.jpg,rain
snow_994.jpg,snow
dust_574.jpg,dust
rain_68.jpg,rain
snow_409.jpg,snow
fog_484.jpg,fog
sunny_99.jpg,sunny
fog_618.jpg,fog
rain_487.jpg,rain
fog_380.jpg,fog
sunny_309.jpg,sunny
sunny_456.jpg,sunny
sunny_192.jpg,sunny
sunny_897.jpg,sunny
fog_545.jpg,fog
sunny_1192.jpg,sunny
snow_217.jpg,snow
snow_995.jpg,snow
dust_310.jpg,dust
dust_976.jpg,dust
snow_999.jpg,snow
fog_719.jpg,fog
snow_1027.jpg,snow
dust_209.jpg,dust
rain_651.jpg,rain
dust_473.jpg,dust
dust_1018.jpg,dust
rain_94.jpg,rain
sunny_289.jpg,sunny
dust_883.jpg,dust
snow_635.jpg,snow
dust_856.jpg,dust
sunny_1327.jpg,sunny
dust_565.jpg,dust
fog_18.jpg,fog
sunny_367.jpg,sunny
rain_873.jpg,rain
dust_430.jpg,dust
sunny_380.jpg,sunny
rain_525.jpg,rain
rain_269.jpg,rain
dust_76.jpg,dust
fog_775.jpg,fog
sunny_600.jpg,sunny
snow_629.jpg,snow
dust_111.jpg,dust
fog_461.jpg,fog
fog_296.jpg,fog
rain_254.jpg,rain
dust_367.jpg,dust
sunny_77.jpg,sunny
rain_837.jpg,rain
rain_738.jpg,rain
dust_904.jpg,dust
fog_886.jpg,fog
sunny_978.jpg,sunny
snow_297.jpg,snow
sunny_749.jpg,sunny
rain_1042.jpg,rain
fog_686.jpg,fog
fog_757.jpg,fog
rain_927.jpg,rain
dust_958.jpg,dust
dust_148.jpg,dust
rain_633.jpg,rain
fog_394.jpg,fog
rain_240.jpg,rain
rain_680.jpg,rain
sunny_469.jpg,sunny
snow_309.jpg,snow
dust_0.jpg,dust
snow_557.jpg,snow
sunny_400.jpg,sunny
sunny_356.jpg,sunny
dust_657.jpg,dust
snow_262.jpg,snow
dust_490.jpg,dust
sunny_261.jpg,sunny
dust_398.jpg,dust
dust_246.jpg,dust
dust_677.jpg,dust
sunny_675.jpg,sunny
rain_430.jpg,rain
sunny_184.jpg,sunny
sunny_1090.jpg,sunny
snow_69.jpg,snow
sunny_420.jpg,sunny
snow_750.jpg,snow
dust_667.jpg,dust
fog_150.jpg,fog
rain_336.jpg,rain
rain_932.jpg,rain
rain_8.jpg,rain
dust_401.jpg,dust
snow_55.jpg,snow
sunny_1302.jpg,sunny
snow_878.jpg,snow
dust_860.jpg,dust
fog_43.jpg,fog
snow_337.jpg,snow
dust_805.jpg,dust
sunny_1326.jpg,sunny
fog_317.jpg,fog
dust_418.jpg,dust
sunny_381.jpg,sunny
sunny_1285.jpg,sunny
sunny_576.jpg,sunny
snow_865.jpg,snow
sunny_1244.jpg,sunny
snow_879.jpg,snow
rain_344.jpg,rain
dust_798.jpg,dust
rain_297.jpg,rain
sunny_297.jpg,sunny
dust_855.jpg,dust
snow_1016.jpg,snow
fog_83.jpg,fog
rain_371.jpg,rain
sunny_1017.jpg,sunny
dust_127.jpg,dust
sunny_908.jpg,sunny
rain_853.jpg,rain
rain_504.jpg,rain
dust_359.jpg,dust
dust_139.jpg,dust
fog_371.jpg,fog
sunny_1079.jpg,sunny
sunny_1259.jpg,sunny
sunny_1227.jpg,sunny
snow_1061.jpg,snow
fog_431.jpg,fog
rain_274.jpg,rain
sunny_38.jpg,sunny
sunny_856.jpg,sunny
dust_494.jpg,dust
fog_252.jpg,fog
rain_257.jpg,rain
snow_432.jpg,snow
dust_932.jpg,dust
rain_817.jpg,rain
snow_1012.jpg,snow
sunny_18.jpg,sunny
fog_559.jpg,fog
fog_615.jpg,fog
sunny_607.jpg,sunny
snow_936.jpg,snow
dust_441.jpg,dust
sunny_458.jpg,sunny
snow_449.jpg,snow
snow_161.jpg,snow
dust_232.jpg,dust
rain_913.jpg,rain
sunny_307.jpg,sunny
rain_498.jpg,rain
snow_495.jpg,snow
snow_990.jpg,snow
sunny_673.jpg,sunny
fog_108.jpg,fog
snow_1021.jpg,snow
rain_801.jpg,rain
dust_24.jpg,dust
dust_587.jpg,dust
snow_570.jpg,snow
snow_986.jpg,snow
rain_460.jpg,rain
snow_733.jpg,snow
fog_910.jpg,fog
rain_147.jpg,rain
sunny_633.jpg,sunny
dust_607.jpg,dust
dust_87.jpg,dust
sunny_257.jpg,sunny
fog_251.jpg,fog
fog_534.jpg,fog
fog_871.jpg,fog
rain_851.jpg,rain
fog_740.jpg,fog
sunny_509.jpg,sunny
sunny_158.jpg,sunny
fog_374.jpg,fog
snow_113.jpg,snow
rain_73.jpg,rain
snow_993.jpg,snow
snow_245.jpg,snow
dust_835.jpg,dust
sunny_146.jpg,sunny
snow_860.jpg,snow
sunny_918.jpg,sunny
rain_803.jpg,rain
sunny_308.jpg,sunny
fog_391.jpg,fog
snow_1030.jpg,snow
fog_3.jpg,fog
fog_573.jpg,fog
sunny_699.jpg,sunny
dust_585.jpg,dust
sunny_876.jpg,sunny
rain_242.jpg,rain
sunny_363.jpg,sunny
rain_554.jpg,rain
dust_750.jpg,dust
snow_71.jpg,snow
fog_84.jpg,fog
sunny_279.jpg,sunny
snow_558.jpg,snow
dust_597.jpg,dust
sunny_558.jpg,sunny
dust_265.jpg,dust
snow_942.jpg,snow
rain_944.jpg,rain
dust_884.jpg,dust
rain_472.jpg,rain
rain_931.jpg,rain
rain_162.jpg,rain
sunny_595.jpg,sunny
dust_7.jpg,dust
dust_159.jpg,dust
snow_669.jpg,snow
fog_245.jpg,fog
dust_397.jpg,dust
fog_346.jpg,fog
sunny_1081.jpg,sunny
fog_905.jpg,fog
sunny_48.jpg,sunny
sunny_302.jpg,sunny
dust_6.jpg,dust
sunny_944.jpg,sunny
snow_519.jpg,snow
dust_969.jpg,dust
dust_327.jpg,dust
sunny_657.jpg,sunny
rain_591.jpg,rain
dust_671.jpg,dust
sunny_982.jpg,sunny
sunny_149.jpg,sunny
sunny_904.jpg,sunny
rain_184.jpg,rain
sunny_460.jpg,sunny
fog_861.jpg,fog
snow_751.jpg,snow
snow_824.jpg,snow
dust_603.jpg,dust
fog_751.jpg,fog
sunny_966.jpg,sunny
fog_42.jpg,fog
dust_337.jpg,dust
sunny_889.jpg,sunny
dust_206.jpg,dust
fog_62.jpg,fog
snow_642.jpg,snow
fog_542.jpg,fog
dust_891.jpg,dust
snow_512.jpg,snow
rain_769.jpg,rain
sunny_901.jpg,sunny
fog_202.jpg,fog
fog_334.jpg,fog
rain_138.jpg,rain
snow_614.jpg,snow
rain_674.jpg,rain
dust_811.jpg,dust
sunny_689.jpg,sunny
rain_905.jpg,rain
dust_663.jpg,dust
sunny_732.jpg,sunny
sunny_1071.jpg,sunny
sunny_584.jpg,sunny
sunny_880.jpg,sunny
rain_608.jpg,rain
rain_770.jpg,rain
fog_388.jpg,fog
rain_676.jpg,rain
snow_858.jpg,snow
sunny_1031.jpg,sunny
sunny_881.jpg,sunny
fog_862.jpg,fog
rain_508.jpg,rain
fog_877.jpg,fog
sunny_72.jpg,sunny
sunny_919.jpg,sunny
fog_183.jpg,fog
snow_368.jpg,snow
snow_658.jpg,snow
sunny_592.jpg,sunny
snow_43.jpg,snow
fog_931.jpg,fog
rain_446.jpg,rain
fog_98.jpg,fog
fog_97.jpg,fog
snow_307.jpg,snow
fog_630.jpg,fog
dust_428.jpg,dust
sunny_1004.jpg,sunny
fog_654.jpg,fog
dust_23.jpg,dust
sunny_489.jpg,sunny
dust_690.jpg,dust
fog_846.jpg,fog
sunny_794.jpg,sunny
fog_582.jpg,fog
rain_188.jpg,rain
fog_890.jpg,fog
dust_965.jpg,dust
dust_512.jpg,dust
fog_40.jpg,fog
rain_493.jpg,rain
sunny_33.jpg,sunny
dust_993.jpg,dust
rain_173.jpg,rain
rain_509.jpg,rain
fog_451.jpg,fog
sunny_884.jpg,sunny
dust_954.jpg,dust
sunny_430.jpg,sunny
dust_886.jpg,dust
rain_835.jpg,rain
sunny_892.jpg,sunny
snow_565.jpg,snow
dust_968.jpg,dust
sunny_1102.jpg,sunny
sunny_1133.jpg,sunny
snow_254.jpg,snow
snow_948.jpg,snow
sunny_1224.jpg,sunny
sunny_1168.jpg,sunny
sunny_405.jpg,sunny
snow_343.jpg,snow
rain_783.jpg,rain
fog_790.jpg,fog
rain_25.jpg,rain
fog_196.jpg,fog
fog_301.jpg,fog
dust_635.jpg,dust
sunny_1209.jpg,sunny
fog_86.jpg,fog
fog_140.jpg,fog
snow_911.jpg,snow
dust_293.jpg,dust
fog_285.jpg,fog
snow_563.jpg,snow
snow_958.jpg,snow
sunny_384.jpg,sunny
dust_433.jpg,dust
dust_378.jpg,dust
dust_628.jpg,dust
fog_130.jpg,fog
dust_1006.jpg,dust
sunny_105.jpg,sunny
dust_619.jpg,dust
snow_502.jpg,snow
sunny_1074.jpg,sunny
fog_143.jpg,fog
dust_614.jpg,dust
rain_566.jpg,rain
rain_622.jpg,rain
rain_21.jpg,rain
fog_830.jpg,fog
dust_377.jpg,dust
dust_959.jpg,dust
rain_867.jpg,rain
dust_888.jpg,dust
rain_950.jpg,rain
rain_122.jpg,rain
dust_215.jpg,dust
sunny_1262.jpg,sunny
snow_341.jpg,snow
dust_109.jpg,dust
snow_930.jpg,snow
fog_838.jpg,fog
rain_145.jpg,rain
sunny_290.jpg,sunny
fog_205.jpg,fog
dust_289.jpg,dust
sunny_1011.jpg,sunny
snow_260.jpg,snow
dust_298.jpg,dust
sunny_912.jpg,sunny
fog_437.jpg,fog
dust_483.jpg,dust
rain_664.jpg,rain
snow_744.jpg,snow
sunny_1056.jpg,sunny
rain_38.jpg,rain
sunny_702.jpg,sunny
rain_117.jpg,rain
fog_772.jpg,fog
rain_124.jpg,rain
rain_1035.jpg,rain
sunny_1296.jpg,sunny
dust_444.jpg,dust
fog_36.jpg,fog
snow_225.jpg,snow
snow_555.jpg,snow
dust_124.jpg,dust
sunny_872.jpg,sunny
dust_960.jpg,dust
fog_692.jpg,fog
sunny_867.jpg,sunny
snow_122.jpg,snow
rain_266.jpg,rain
snow_1041.jpg,snow
dust_220.jpg,dust
sunny_1261.jpg,sunny
rain_422.jpg,rain
rain_296.jpg,rain
rain_353.jpg,rain
rain_123.jpg,rain
rain_888.jpg,rain
dust_227.jpg,dust
sunny_756.jpg,sunny
dust_129.jpg,dust
sunny_212.jpg,sunny
dust_434.jpg,dust
sunny_1098.jpg,sunny
rain_470.jpg,rain
snow_318.jpg,snow
rain_88.jpg,rain
dust_876.jpg,dust
snow_44.jpg,snow
snow_983.jpg,snow
sunny_112.jpg,sunny
snow_151.jpg,snow
dust_949.jpg,dust
rain_687.jpg,rain
snow_203.jpg,snow
fog_345.jpg,fog
rain_48.jpg,rain
fog_12.jpg,fog
rain_50.jpg,rain
snow_931.jpg,snow
snow_229.jpg,snow
fog_682.jpg,fog
dust_396.jpg,dust
dust_114.jpg,dust
sunny_1239.jpg,sunny
snow_227.jpg,snow
sunny_433.jpg,sunny
dust_755.jpg,dust
dust_416.jpg,dust
dust_832.jpg,dust
fog_562.jpg,fog
dust_544.jpg,dust
dust_437.jpg,dust
rain_628.jpg,rain
snow_607.jpg,snow
fog_2.jpg,fog
snow_829.jpg,snow
snow_64.jpg,snow
sunny_108.jpg,sunny
dust_436.jpg,dust
sunny_87.jpg,sunny
sunny_801.jpg,sunny
dust_557.jpg,dust
snow_583.jpg,snow
dust_705.jpg,dust
dust_980.jpg,dust
rain_531.jpg,rain
sunny_659.jpg,sunny
dust_82.jpg,dust
rain_264.jpg,rain
rain_293.jpg,rain
fog_656.jpg,fog
rain_567.png,rain
rain_476.jpg,rain
rain_78.jpg,rain
rain_1056.jpg,rain
fog_543.jpg,fog
sunny_1123.jpg,sunny
sunny_480.jpg,sunny
dust_162.jpg,dust
snow_459.jpg,snow
rain_405.jpg,rain
dust_480.jpg,dust
rain_518.jpg,rain
fog_355.jpg,fog
snow_678.jpg,snow
rain_480.jpg,rain
fog_883.jpg,fog
rain_113.jpg,rain
rain_329.jpg,rain
fog_891.jpg,fog
dust_412.jpg,dust
fog_134.jpg,fog
snow_439.jpg,snow
rain_352.jpg,rain
rain_755.jpg,rain
rain_666.jpg,rain
sunny_1070.jpg,sunny
snow_1034.jpg,snow
dust_842.jpg,dust
dust_723.jpg,dust
snow_62.jpg,snow
rain_259.jpg,rain
sunny_549.jpg,sunny
snow_417.jpg,snow
dust_621.jpg,dust
rain_473.jpg,rain
sunny_830.jpg,sunny
snow_468.jpg,snow
snow_854.jpg,snow
snow_820.jpg,snow
snow_850.jpg,snow
sunny_222.jpg,sunny
dust_8.jpg,dust
rain_150.jpg,rain
snow_372.jpg,snow
snow_1049.jpg,snow
fog_320.jpg,fog
rain_70.jpg,rain
fog_294.jpg,fog
sunny_348.jpg,sunny
sunny_76.jpg,sunny
dust_105.jpg,dust
snow_16.jpg,snow
snow_951.jpg,snow
dust_510.jpg,dust
dust_122.jpg,dust
sunny_722.jpg,sunny
rain_67.jpg,rain
fog_586.jpg,fog
dust_870.jpg,dust
snow_873.jpg,snow
sunny_326.jpg,sunny
sunny_1273.jpg,sunny
fog_535.jpg,fog
dust_290.jpg,dust
dust_474.jpg,dust
snow_253.jpg,snow
snow_715.jpg,snow
sunny_227.jpg,sunny
fog_231.jpg,fog
snow_532.jpg,snow
rain_957.jpg,rain
dust_514.jpg,dust
snow_320.jpg,snow
sunny_1215.jpg,sunny
fog_261.jpg,fog
dust_1000.jpg,dust
sunny_52.jpg,sunny
rain_310.jpg,rain
fog_595.jpg,fog
sunny_1082.jpg,sunny
snow_700.jpg,snow
sunny_984.jpg,sunny
sunny_642.jpg,sunny
snow_239.jpg,snow
snow_1070.jpg,snow
snow_1000.jpg,snow
fog_587.jpg,fog
snow_123.jpg,snow
dust_131.jpg,dust
snow_124.jpg,snow
fog_490.jpg,fog
sunny_838.jpg,sunny
sunny_899.jpg,sunny
fog_603.jpg,fog
snow_31.jpg,snow
rain_934.jpg,rain
fog_258.jpg,fog
snow_648.jpg,snow
sunny_835.jpg,sunny
fog_529.jpg,fog
rain_989.jpg,rain
rain_87.jpg,rain
dust_890.jpg,dust
snow_548.jpg,snow
dust_461.jpg,dust
sunny_1101.jpg,sunny
sunny_110.jpg,sunny
snow_270.jpg,snow
sunny_1073.jpg,sunny
dust_181.jpg,dust
sunny_735.jpg,sunny
dust_297.jpg,dust
sunny_285.jpg,sunny
fog_427.jpg,fog
dust_316.jpg,dust
snow_619.jpg,snow
sunny_629.jpg,sunny
sunny_195.jpg,sunny
rain_220.jpg,rain
dust_1019.jpg,dust
dust_942.jpg,dust
fog_187.jpg,fog
rain_1041.jpg,rain
fog_70.jpg,fog
sunny_10.jpg,sunny
fog_744.jpg,fog
fog_288.jpg,fog
fog_470.jpg,fog
sunny_358.jpg,sunny
sunny_692.jpg,sunny
dust_276.jpg,dust
snow_155.jpg,snow
fog_54.jpg,fog
fog_865.jpg,fog
sunny_1233.jpg,sunny
snow_220.jpg,snow
dust_64.jpg,dust
fog_378.jpg,fog
sunny_766.jpg,sunny
rain_1045.jpg,rain
rain_43.jpg,rain
dust_223.jpg,dust
sunny_1240.jpg,sunny
dust_472.jpg,dust
rain_324.jpg,rain
fog_446.jpg,fog
dust_529.jpg,dust
snow_105.jpg,snow
sunny_665.jpg,sunny
rain_653.jpg,rain
sunny_931.jpg,sunny
snow_345.jpg,snow
dust_672.jpg,dust
dust_570.jpg,dust
fog_226.jpg,fog
snow_894.jpg,snow
fog_403.jpg,fog
rain_789.jpg,rain
sunny_548.jpg,sunny
snow_314.jpg,snow
sunny_774.jpg,sunny
dust_90.jpg,dust
sunny_1112.jpg,sunny
fog_903.jpg,fog
rain_92.jpg,rain
dust_421.jpg,dust
snow_957.jpg,snow
rain_511.jpg,rain
snow_497.jpg,snow
rain_209.jpg,rain
rain_9.jpg,rain
rain_725.jpg,rain
dust_49.jpg,dust
snow_48.jpg,snow
snow_859.jpg,snow
dust_278.jpg,dust
snow_110.jpg,snow
snow_190.jpg,snow
fog_923.jpg,fog
rain_385.jpg,rain
rain_429.jpg,rain
snow_483.jpg,snow
fog_228.jpg,fog
dust_61.jpg,dust
snow_257.jpg,snow
sunny_473.jpg,sunny
sunny_580.jpg,sunny
rain_536.jpg,rain
sunny_368.jpg,sunny
dust_179.jpg,dust
snow_855.jpg,snow
fog_262.jpg,fog
rain_889.jpg,rain
snow_866.jpg,snow
snow_422.jpg,snow
snow_650.jpg,snow
sunny_1225.jpg,sunny
rain_440.jpg,rain
sunny_737.jpg,sunny
sunny_843.jpg,sunny
sunny_1301.jpg,sunny
rain_345.jpg,rain
fog_515.jpg,fog
sunny_823.jpg,sunny
snow_529.jpg,snow
fog_635.jpg,fog
sunny_915.jpg,sunny
sunny_614.jpg,sunny
sunny_247.jpg,sunny
rain_938.jpg,rain
rain_1037.jpg,rain
dust_333.jpg,dust
fog_814.jpg,fog
snow_853.jpg,snow
dust_343.jpg,dust
sunny_947.jpg,sunny
sunny_1199.jpg,sunny
sunny_461.jpg,sunny
dust_795.jpg,dust
fog_769.jpg,fog
snow_1040.jpg,snow
sunny_721.jpg,sunny
dust_923.jpg,dust
dust_506.jpg,dust
snow_857.jpg,snow
dust_351.jpg,dust
sunny_124.jpg,sunny
rain_691.jpg,rain
snow_41.jpg,snow
snow_418.jpg,snow
rain_1026.jpg,rain
rain_13.jpg,rain
fog_935.jpg,fog
dust_892.jpg,dust
fog_145.jpg,fog
snow_444.jpg,snow
fog_421.jpg,fog
sunny_512.jpg,sunny
dust_986.jpg,dust
dust_699.jpg,dust
rain_486.jpg,rain
snow_80.jpg,snow
snow_516.jpg,snow
snow_187.jpg,snow
fog_848.jpg,fog
sunny_134.jpg,sunny
sunny_495.jpg,sunny
sunny_946.jpg,sunny
sunny_434.jpg,sunny
sunny_1283.jpg,sunny
snow_40.jpg,snow
fog_253.jpg,fog
sunny_1150.jpg,sunny
dust_295.jpg,dust
rain_1055.jpg,rain
sunny_338.jpg,sunny
snow_197.jpg,snow
fog_819.jpg,fog
sunny_454.jpg,sunny
sunny_964.jpg,sunny
rain_386.jpg,rain
rain_216.jpg,rain
sunny_287.jpg,sunny
snow_527.jpg,snow
dust_898.jpg,dust
fog_413.jpg,fog
fog_102.jpg,fog
rain_83.jpg,rain
sunny_804.jpg,sunny
fog_601.jpg,fog
dust_166.jpg,dust
sunny_1336.jpg,sunny
rain_797.jpg,rain
fog_154.jpg,fog
snow_681.jpg,snow
snow_720.jpg,snow
dust_304.jpg,dust
snow_37.jpg,snow
snow_250.jpg,snow
sunny_738.jpg,sunny
snow_159.jpg,snow
dust_485.jpg,dust
rain_444.jpg,rain
sunny_223.jpg,sunny
rain_884.jpg,rain
dust_151.jpg,dust
snow_752.jpg,snow
rain_419.jpg,rain
snow_1005.jpg,snow
dust_709.jpg,dust
dust_558.jpg,dust
snow_117.jpg,snow
sunny_1093.jpg,sunny
rain_469.jpg,rain
sunny_833.jpg,sunny
snow_806.jpg,snow
sunny_582.jpg,sunny
dust_906.jpg,dust
sunny_790.jpg,sunny
sunny_938.jpg,sunny
snow_384.jpg,snow
fog_818.jpg,fog
fog_410.jpg,fog
dust_371.jpg,dust
fog_522.jpg,fog
rain_570.jpg,rain
rain_226.jpg,rain
rain_897.jpg,rain
dust_1012.jpg,dust
snow_186.jpg,snow
rain_478.jpg,rain
rain_346.jpg,rain
snow_215.jpg,snow
rain_892.jpg,rain
rain_131.jpg,rain
rain_620.jpg,rain
snow_685.jpg,snow
fog_805.jpg,fog
snow_670.jpg,snow
snow_240.jpg,snow
snow_340.jpg,snow
dust_609.jpg,dust
fog_640.jpg,fog
snow_559.jpg,snow
sunny_387.jpg,sunny
rain_343.jpg,rain
fog_282.jpg,fog
rain_703.jpg,rain
dust_539.jpg,dust
sunny_939.jpg,sunny
sunny_684.jpg,sunny
rain_991.jpg,rain
dust_847.jpg,dust
snow_985.jpg,snow
rain_510.jpg,rain
sunny_943.jpg,sunny
snow_299.jpg,snow
snow_6.jpg,snow
rain_496.jpg,rain
dust_346.jpg,dust
fog_347.jpg,fog
sunny_148.jpg,sunny
snow_108.jpg,snow
rain_159.jpg,rain
dust_306.jpg,dust
fog_136.jpg,fog
fog_675.jpg,fog
snow_218.jpg,snow
rain_637.jpg,rain
snow_224.jpg,snow
rain_140.jpg,rain
dust_710.jpg,dust
sunny_667.jpg,sunny
dust_584.jpg,dust
rain_507.jpg,rain
rain_238.jpg,rain
rain_718.jpg,rain
sunny_563.jpg,sunny
dust_138.jpg,dust
sunny_144.jpg,sunny
sunny_182.jpg,sunny
snow_847.jpg,snow
rain_276.jpg,rain
dust_807.jpg,dust
snow_590.jpg,snow
rain_379.jpg,rain
fog_552.jpg,fog
fog_531.jpg,fog
sunny_793.jpg,sunny
sunny_905.jpg,sunny
dust_238.jpg,dust
rain_901.jpg,rain
snow_331.jpg,snow
snow_649.jpg,snow
sunny_288.jpg,sunny
fog_242.jpg,fog
snow_870.jpg,snow
dust_714.jpg,dust
fog_623.jpg,fog
fog_412.jpg,fog
sunny_334.jpg,sunny
dust_579.jpg,dust
sunny_1246.jpg,sunny
fog_731.jpg,fog
dust_997.jpg,dust
dust_893.jpg,dust
sunny_571.jpg,sunny
fog_609.jpg,fog
snow_594.jpg,snow
rain_975.jpg,rain
snow_560.jpg,snow
sunny_138.jpg,sunny
dust_115.jpg,dust
fog_384.jpg,fog
snow_1060.jpg,snow
sunny_1221.jpg,sunny
snow_802.jpg,snow
rain_282.jpg,rain
sunny_1312.jpg,sunny
snow_808.jpg,snow
snow_1007.jpg,snow
fog_52.jpg,fog
sunny_846.jpg,sunny
fog_477.jpg,fog
snow_615.jpg,snow
dust_941.jpg,dust
dust_613.jpg,dust
rain_3.jpg,rain
rain_334.jpg,rain
sunny_958.jpg,sunny
snow_940.jpg,snow
sunny_419.jpg,sunny
sunny_428.jpg,sunny
snow_350.jpg,snow
fog_732.jpg,fog
snow_291.jpg,snow
sunny_583.jpg,sunny
dust_393.jpg,dust
snow_394.jpg,snow
snow_768.jpg,snow
snow_738.jpg,snow
dust_921.jpg,dust
fog_272.jpg,fog
dust_355.jpg,dust
rain_278.jpg,rain
sunny_1333.jpg,sunny
sunny_407.jpg,sunny
sunny_128.jpg,sunny
sunny_1254.jpg,sunny
rain_694.jpg,rain
rain_308.jpg,rain
dust_1007.jpg,dust
dust_819.jpg,dust
fog_498.jpg,fog
snow_29.jpg,snow
snow_896.jpg,snow
dust_697.jpg,dust
rain_997.jpg,rain
dust_948.jpg,dust
snow_39.jpg,snow
sunny_1053.jpg,sunny
dust_410.jpg,dust
sunny_949.jpg,sunny
fog_405.jpg,fog
snow_501.jpg,snow
sunny_911.jpg,sunny
snow_891.jpg,snow
sunny_709.jpg,sunny
sunny_450.jpg,sunny
snow_652.jpg,snow
rain_253.jpg,rain
sunny_215.jpg,sunny
dust_75.jpg,dust
sunny_159.jpg,sunny
sunny_322.jpg,sunny
rain_906.jpg,rain
sunny_860.jpg,sunny
rain_268.jpg,rain
sunny_1037.jpg,sunny
rain_582.jpg,rain
snow_872.jpg,snow
sunny_1201.jpg,sunny
dust_1023.jpg,dust
snow_929.jpg,snow
rain_44.jpg,rain
rain_940.jpg,rain
snow_264.jpg,snow
sunny_861.jpg,sunny
sunny_837.jpg,sunny
sunny_696.jpg,sunny
fog_645.jpg,fog
sunny_627.jpg,sunny
rain_455.jpg,rain
fog_779.jpg,fog
fog_369.jpg,fog
snow_114.jpg,snow
sunny_273.jpg,sunny
snow_1048.jpg,snow
snow_921.jpg,snow
snow_453.jpg,snow
rain_535.jpg,rain
dust_459.jpg,dust
sunny_1068.jpg,sunny
fog_298.jpg,fog
dust_776.jpg,dust
snow_435.jpg,snow
sunny_1137.jpg,sunny
fog_508.jpg,fog
rain_675.jpg,rain
dust_440.jpg,dust
fog_619.jpg,fog
snow_244.jpg,snow
dust_938.jpg,dust
sunny_537.jpg,sunny
sunny_63.jpg,sunny
fog_488.jpg,fog
rain_194.jpg,rain
dust_67.jpg,dust
snow_736.jpg,snow
fog_314.jpg,fog
fog_46.jpg,fog
rain_96.jpg,rain
fog_164.jpg,fog
dust_10.jpg,dust
dust_553.jpg,dust
snow_405.jpg,snow
sunny_674.jpg,sunny
rain_840.jpg,rain
snow_964.jpg,snow
sunny_814.jpg,sunny
fog_627.jpg,fog
snow_287.jpg,snow
sunny_1128.jpg,sunny
sunny_566.jpg,sunny
sunny_394.jpg,sunny
fog_876.jpg,fog
snow_102.jpg,snow
dust_632.jpg,dust
dust_72.jpg,dust
snow_259.jpg,snow
dust_944.jpg,dust
rain_185.jpg,rain
snow_907.jpg,snow
fog_612.jpg,fog
snow_962.jpg,snow
sunny_60.jpg,sunny
sunny_1048.jpg,sunny
snow_206.jpg,snow
dust_391.jpg,dust
rain_337.jpg,rain
dust_559.jpg,dust
sunny_1092.jpg,sunny
sunny_369.jpg,sunny
snow_909.jpg,snow
rain_876.jpg,rain
sunny_857.jpg,sunny
snow_726.jpg,snow
rain_711.jpg,rain
dust_31.jpg,dust
fog_556.jpg,fog
rain_374.jpg,rain
fog_821.jpg,fog
sunny_464.jpg,sunny
rain_29.jpg,rain
rain_581.jpg,rain
snow_208.jpg,snow
dust_499.jpg,dust
dust_117.jpg,dust
snow_815.jpg,snow
dust_547.jpg,dust
dust_894.jpg,dust
rain_501.jpg,rain
fog_21.jpg,fog
fog_704.jpg,fog
snow_938.jpg,snow
sunny_242.jpg,sunny
dust_445.jpg,dust
fog_533.jpg,fog
rain_152.jpg,rain
sunny_29.jpg,sunny
dust_332.jpg,dust
snow_88.jpg,snow
sunny_438.jpg,sunny
dust_521.jpg,dust
rain_255.jpg,rain
fog_532.jpg,fog
dust_644.jpg,dust
snow_833.jpg,snow
rain_202.jpg,rain
snow_1044.jpg,snow
fog_59.jpg,fog
sunny_663.jpg,sunny
sunny_731.jpg,sunny
rain_462.jpg,rain
fog_485.jpg,fog
rain_121.jpg,rain
fog_906.jpg,fog
dust_764.jpg,dust
rain_402.jpg,rain
fog_854.jpg,fog
fog_604.jpg,fog
rain_213.jpg,rain
sunny_397.jpg,sunny
sunny_1124.jpg,sunny
snow_646.jpg,snow
dust_563.jpg,dust
snow_747.jpg,snow
dust_383.jpg,dust
snow_175.jpg,snow
fog_230.jpg,fog
rain_606.jpg,rain
snow_735.jpg,snow
sunny_71.jpg,sunny
snow_448.jpg,snow
snow_689.jpg,snow
dust_913.jpg,dust
snow_1001.jpg,snow
sunny_392.jpg,sunny
snow_392.jpg,snow
fog_190.jpg,fog
dust_361.jpg,dust
fog_234.jpg,fog
dust_65.jpg,dust
snow_606.jpg,snow
sunny_1104.jpg,sunny
dust_777.jpg,dust
snow_243.jpg,snow
snow_143.jpg,snow
snow_170.jpg,snow
sunny_1034.jpg,sunny
rain_707.jpg,rain
sunny_913.jpg,sunny
sunny_283.jpg,sunny
rain_696.jpg,rain
dust_382.jpg,dust
rain_757.jpg,rain
snow_1028.jpg,snow
fog_354.jpg,fog
rain_595.jpg,rain
rain_292.jpg,rain
rain_634.jpg,rain
rain_706.jpg,rain
snow_944.jpg,snow
snow_511.jpg,snow
snow_864.jpg,snow
fog_434.jpg,fog
snow_867.jpg,snow
sunny_1250.jpg,sunny
snow_205.jpg,snow
snow_492.jpg,snow
fog_835.jpg,fog
snow_1045.jpg,snow
rain_969.jpg,rain
fog_275.jpg,fog
sunny_12.jpg,sunny
fog_450.jpg,fog
sunny_524.jpg,sunny
snow_168.jpg,snow
rain_1034.jpg,rain
fog_739.jpg,fog
sunny_898.jpg,sunny
sunny_1311.jpg,sunny
rain_641.jpg,rain
snow_687.jpg,snow
snow_694.jpg,snow
rain_485.jpg,rain
snow_275.jpg,snow
snow_352.jpg,snow
fog_26.jpg,fog
snow_834.jpg,snow
rain_671.jpg,rain
dust_759.jpg,dust
dust_839.jpg,dust
fog_501.jpg,fog
sunny_791.jpg,sunny
sunny_923.jpg,sunny
fog_499.jpg,fog
sunny_170.jpg,sunny
sunny_197.jpg,sunny
dust_224.jpg,dust
snow_85.jpg,snow
dust_698.jpg,dust
sunny_701.jpg,sunny
dust_846.jpg,dust
fog_232.jpg,fog
fog_56.jpg,fog
rain_1023.jpg,rain
sunny_3.jpg,sunny
fog_791.jpg,fog
dust_13.jpg,dust
fog_124.jpg,fog
dust_763.jpg,dust
rain_658.jpg,rain
rain_823.jpg,rain
dust_850.jpg,dust
dust_399.jpg,dust
sunny_691.jpg,sunny
sunny_995.jpg,sunny
rain_233.jpg,rain
dust_188.jpg,dust
snow_1063.jpg,snow
snow_1033.jpg,snow
snow_791.jpg,snow
sunny_739.jpg,sunny
rain_532.jpg,rain
fog_589.jpg,fog
fog_510.jpg,fog
rain_392.jpg,rain
sunny_193.jpg,sunny
rain_37.jpg,rain
sunny_956.jpg,sunny
rain_588.jpg,rain
dust_271.jpg,dust
rain_741.jpg,rain
dust_966.jpg,dust
rain_302.jpg,rain
rain_776.jpg,rain
snow_321.jpg,snow
snow_1068.jpg,snow
fog_478.jpg,fog
dust_77.jpg,dust
sunny_840.jpg,sunny
snow_1009.jpg,snow
snow_164.jpg,snow
dust_761.jpg,dust
dust_738.jpg,dust
fog_585.jpg,fog
sunny_1164.jpg,sunny
snow_499.jpg,snow
fog_911.jpg,fog
fog_23.jpg,fog
dust_255.jpg,dust
rain_201.jpg,rain
rain_937.jpg,rain
dust_70.jpg,dust
dust_156.jpg,dust
sunny_522.jpg,sunny
snow_684.jpg,snow
rain_960.jpg,rain
snow_807.jpg,snow
dust_29.jpg,dust
rain_91.jpg,rain
rain_824.jpg,rain
fog_435.jpg,fog
dust_28.jpg,dust
sunny_1087.jpg,sunny
snow_753.jpg,snow
snow_654.jpg,snow
dust_402.jpg,dust
fog_793.jpg,fog
dust_9.jpg,dust
fog_117.jpg,fog
rain_869.jpg,rain
rain_784.jpg,rain
dust_376.jpg,dust
sunny_1172.jpg,sunny
dust_791.jpg,dust
sunny_91.jpg,sunny
sunny_268.jpg,sunny
fog_787.jpg,fog
rain_1025.jpg,rain
snow_382.jpg,snow
sunny_719.jpg,sunny
rain_521.jpg,rain
dust_169.jpg,dust
sunny_444.jpg,sunny
rain_657.jpg,rain
snow_699.jpg,snow
snow_380.jpg,snow
fog_45.jpg,fog
fog_375.jpg,fog
dust_42.jpg,dust
rain_260.jpg,rain
snow_1042.jpg,snow
dust_576.jpg,dust
rain_524.jpg,rain
fog_44.jpg,fog
fog_436.jpg,fog
rain_564.jpg,rain
fog_777.jpg,fog
snow_133.jpg,snow
sunny_1054.jpg,sunny
dust_153.jpg,dust
fog_502.jpg,fog
snow_451.jpg,snow
fog_517.jpg,fog
rain_89.jpg,rain
rain_549.jpg,rain
fog_179.jpg,fog
rain_450.jpg,rain
snow_507.jpg,snow
rain_972.jpg,rain
snow_660.jpg,snow
snow_916.jpg,snow
rain_882.jpg,rain
rain_1002.jpg,rain
snow_400.jpg,snow
dust_953.jpg,dust
rain_710.jpg,rain
dust_999.jpg,dust
snow_868.jpg,snow
sunny_418.jpg,sunny
rain_714.jpg,rain
dust_504.jpg,dust
sunny_143.jpg,sunny
sunny_1222.jpg,sunny
sunny_1169.jpg,sunny
snow_324.jpg,snow
rain_54.jpg,rain
rain_206.jpg,rain
snow_782.jpg,snow
sunny_169.jpg,sunny
rain_143.jpg,rain
dust_717.jpg,dust
fog_395.jpg,fog
dust_249.jpg,dust
fog_760.jpg,fog
sunny_45.jpg,sunny
sunny_1072.jpg,sunny
sunny_271.jpg,sunny
fog_404.jpg,fog
dust_701.jpg,dust
fog_837.jpg,fog
rain_85.jpg,rain
rain_502.jpg,rain
snow_147.jpg,snow
sunny_813.jpg,sunny
rain_384.jpg,rain
sunny_92.jpg,sunny
fog_785.jpg,fog
fog_687.jpg,fog
rain_1029.jpg,rain
sunny_697.jpg,sunny
snow_334.jpg,snow
dust_772.jpg,dust
snow_354.jpg,snow
fog_92.jpg,fog
rain_632.jpg,rain
snow_890.jpg,snow
sunny_1252.jpg,sunny
sunny_715.jpg,sunny
sunny_1242.jpg,sunny
fog_407.jpg,fog
snow_285.jpg,snow
rain_249.jpg,rain
dust_68.jpg,dust
snow_515.jpg,snow
sunny_873.jpg,sunny
sunny_726.jpg,sunny
snow_653.jpg,snow
dust_240.jpg,dust
fog_893.jpg,fog
rain_388.jpg,rain
snow_172.jpg,snow
fog_229.jpg,fog
snow_601.jpg,snow
rain_612.jpg,rain
snow_177.jpg,snow
dust_808.jpg,dust
rain_850.jpg,rain
dust_946.jpg,dust
snow_1006.jpg,snow
fog_553.jpg,fog
dust_648.jpg,dust
rain_382.jpg,rain
snow_732.jpg,snow
sunny_788.jpg,sunny
snow_194.jpg,snow
sunny_75.jpg,sunny
fog_794.jpg,fog
rain_341.jpg,rain
dust_101.jpg,dust
fog_596.jpg,fog
fog_80.jpg,fog
rain_646.jpg,rain
snow_464.jpg,snow
snow_251.jpg,snow
rain_717.jpg,rain
sunny_90.jpg,sunny
snow_160.jpg,snow
fog_716.jpg,fog
fog_864.jpg,fog
dust_729.jpg,dust
snow_500.jpg,snow
fog_146.jpg,fog
rain_601.jpg,rain
sunny_594.jpg,sunny
sunny_225.jpg,sunny
fog_859.jpg,fog
dust_533.jpg,dust
rain_1007.jpg,rain
dust_491.jpg,dust
snow_725.jpg,snow
dust_680.jpg,dust
rain_992.jpg,rain
sunny_11.jpg,sunny
dust_126.jpg,dust
sunny_266.jpg,sunny
fog_61.jpg,fog
sunny_440.jpg,sunny
dust_741.jpg,dust
snow_591.jpg,snow
fog_11.jpg,fog
rain_685.jpg,rain
dust_40.jpg,dust
rain_198.jpg,rain
dust_199.jpg,dust
sunny_1258.jpg,sunny
sunny_1126.jpg,sunny
snow_788.jpg,snow
fog_425.jpg,fog
sunny_1286.jpg,sunny
sunny_172.jpg,sunny
dust_157.jpg,dust
rain_323.jpg,rain
sunny_1216.jpg,sunny
sunny_769.jpg,sunny
sunny_993.jpg,sunny
fog_765.jpg,fog
rain_413.jpg,rain
snow_622.jpg,snow
snow_1017.jpg,snow
snow_434.jpg,snow
rain_939.jpg,rain
dust_779.jpg,dust
rain_208.jpg,rain
snow_589.jpg,snow
fog_746.jpg,fog
dust_158.jpg,dust
fog_24.jpg,fog
sunny_514.jpg,sunny
dust_675.jpg,dust
dust_595.jpg,dust
dust_211.jpg,dust
sunny_743.jpg,sunny
dust_785.jpg,dust
dust_51.jpg,dust
fog_665.jpg,fog
fog_753.jpg,fog
rain_947.jpg,rain
dust_580.jpg,dust
sunny_141.jpg,sunny
dust_813.jpg,dust
sunny_736.jpg,sunny
sunny_1292.jpg,sunny
sunny_314.jpg,sunny
snow_116.jpg,snow
dust_302.jpg,dust
snow_487.jpg,snow
snow_420.jpg,snow
dust_140.jpg,dust
sunny_121.jpg,sunny
sunny_1144.jpg,sunny
sunny_618.jpg,sunny
rain_668.jpg,rain
snow_982.jpg,snow
fog_238.jpg,fog
sunny_520.jpg,sunny
fog_392.jpg,fog
rain_1.jpg,rain
snow_132.jpg,snow
snow_943.jpg,snow
snow_974.jpg,snow
sunny_475.jpg,sunny
dust_927.jpg,dust
sunny_80.jpg,sunny
sunny_224.jpg,sunny
sunny_508.jpg,sunny
rain_665.jpg,rain
snow_697.jpg,snow
sunny_1321.jpg,sunny
rain_494.jpg,rain
snow_1059.jpg,snow
snow_617.jpg,snow
sunny_562.jpg,sunny
dust_431.jpg,dust
snow_60.jpg,snow
dust_435.jpg,dust
snow_466.jpg,snow
sunny_335.jpg,sunny
rain_961.jpg,rain
fog_387.jpg,fog
sunny_951.jpg,sunny
fog_104.jpg,fog
snow_317.jpg,snow
snow_602.jpg,snow
dust_789.jpg,dust
dust_107.jpg,dust
sunny_160.jpg,sunny
dust_251.jpg,dust
fog_708.jpg,fog
sunny_976.jpg,sunny
sunny_316.jpg,sunny
fog_398.jpg,fog
fog_578.jpg,fog
dust_866.jpg,dust
rain_319.jpg,rain
rain_281.jpg,rain
sunny_485.jpg,sunny
fog_423.jpg,fog
rain_559.jpg,rain
sunny_451.jpg,sunny
dust_674.jpg,dust
sunny_844.jpg,sunny
snow_816.jpg,snow
fog_186.jpg,fog
sunny_622.jpg,sunny
snow_884.jpg,snow
dust_192.jpg,dust
sunny_361.jpg,sunny
dust_973.jpg,dust
dust_971.jpg,dust
sunny_648.jpg,sunny
sunny_1009.jpg,sunny
snow_129.jpg,snow
snow_77.jpg,snow
rain_712.jpg,rain
dust_692.jpg,dust
snow_308.jpg,snow
snow_593.jpg,snow
dust_669.jpg,dust
sunny_527.jpg,sunny
dust_796.jpg,dust
rain_756.jpg,rain
fog_792.jpg,fog
rain_573.jpg,rain
dust_469.jpg,dust
dust_765.jpg,dust
fog_500.jpg,fog
snow_111.jpg,snow
fog_462.jpg,fog
rain_196.jpg,rain
dust_103.jpg,dust
dust_1003.jpg,dust
dust_266.jpg,dust
fog_652.jpg,fog
fog_115.jpg,fog
sunny_339.jpg,sunny
rain_195.jpg,rain
sunny_818.jpg,sunny
snow_23.jpg,snow
rain_843.jpg,rain
sunny_126.jpg,sunny
dust_405.jpg,dust
rain_762.jpg,rain
rain_52.jpg,rain
snow_429.jpg,snow
rain_930.jpg,rain
sunny_672.jpg,sunny
dust_656.jpg,dust
dust_325.jpg,dust
sunny_670.jpg,sunny
fog_159.jpg,fog
rain_683.jpg,rain
sunny_1100.jpg,sunny
dust_821.jpg,dust
dust_466.jpg,dust
rain_700.jpg,rain
fog_614.jpg,fog
rain_929.jpg,rain
snow_556.jpg,snow
sunny_1293.jpg,sunny
sunny_332.jpg,sunny
snow_196.jpg,snow
sunny_871.jpg,sunny
sunny_199.jpg,sunny
snow_42.jpg,snow
sunny_803.jpg,sunny
snow_268.jpg,snow
sunny_1241.jpg,sunny
snow_96.jpg,snow
sunny_445.jpg,sunny
dust_247.jpg,dust
snow_169.jpg,snow
rain_615.jpg,rain
sunny_236.jpg,sunny
snow_235.jpg,snow
fog_487.jpg,fog
snow_378.jpg,snow
dust_288.jpg,dust
rain_660.jpg,rain
snow_461.jpg,snow
dust_17.jpg,dust
dust_793.jpg,dust
snow_877.jpg,snow
dust_366.jpg,dust
rain_10.jpg,rain
sunny_229.jpg,sunny
dust_627.jpg,dust
fog_489.jpg,fog
fog_831.jpg,fog
fog_694.jpg,fog
snow_305.jpg,snow
fog_620.jpg,fog
rain_51.jpg,rain
sunny_865.jpg,sunny
fog_734.jpg,fog
sunny_828.jpg,sunny
snow_624.jpg,snow
snow_211.jpg,snow
snow_1066.jpg,snow
fog_326.jpg,fog
snow_280.jpg,snow
dust_581.jpg,dust
dust_786.jpg,dust
sunny_1029.jpg,sunny
sunny_286.jpg,sunny
rain_911.jpg,rain
dust_803.jpg,dust
rain_330.jpg,rain
fog_356.jpg,fog
rain_1057.jpg,rain
dust_575.jpg,dust
sunny_568.jpg,sunny
sunny_202.jpg,sunny
dust_731.jpg,dust
snow_329.jpg,snow
snow_127.jpg,snow
snow_662.jpg,snow
dust_217.jpg,dust
sunny_1.jpg,sunny
fog_597.jpg,fog
sunny_772.jpg,sunny
snow_597.jpg,snow
dust_1017.jpg,dust
dust_424.jpg,dust
rain_39.jpg,rain
sunny_209.jpg,sunny
snow_612.jpg,snow
rain_65.jpg,rain
sunny_1213.jpg,sunny
rain_621.jpg,rain
sunny_79.jpg,sunny
snow_910.jpg,snow
dust_50.jpg,dust
rain_764.jpg,rain
rain_380.jpg,rain
fog_778.jpg,fog
dust_86.jpg,dust
sunny_1120.jpg,sunny
sunny_226.jpg,sunny
sunny_679.jpg,sunny
rain_62.jpg,rain
dust_478.jpg,dust
sunny_1278.jpg,sunny
sunny_1095.jpg,sunny
sunny_853.jpg,sunny
sunny_832.jpg,sunny
rain_626.jpg,rain
snow_566.jpg,snow
snow_128.jpg,snow
dust_509.jpg,dust
dust_429.jpg,dust
sunny_1038.jpg,sunny
dust_132.jpg,dust
sunny_597.jpg,sunny
snow_770.jpg,snow
rain_864.jpg,rain
sunny_909.jpg,sunny
rain_93.jpg,rain
snow_351.jpg,snow
fog_758.jpg,fog
fog_653.jpg,fog
fog_807.jpg,fog
snow_389.jpg,snow
sunny_1322.jpg,sunny
snow_946.jpg,snow
sunny_628.jpg,sunny
fog_752.jpg,fog
sunny_1043.jpg,sunny
snow_856.jpg,snow
dust_19.jpg,dust
rain_436.jpg,rain
sunny_929.jpg,sunny
rain_1063.jpg,rain
rain_166.jpg,rain
dust_817.jpg,dust
fog_267.jpg,fog
rain_144.jpg,rain
fog_265.jpg,fog
snow_869.jpg,snow
fog_520.jpg,fog
dust_15.jpg,dust
dust_740.jpg,dust
sunny_647.jpg,sunny
fog_707.jpg,fog
rain_903.jpg,rain
fog_600.jpg,fog
rain_964.jpg,rain
sunny_848.jpg,sunny
sunny_1018.jpg,sunny
fog_639.jpg,fog
sunny_1139.jpg,sunny
sunny_437.jpg,sunny
snow_440.jpg,snow
snow_712.jpg,snow
dust_80.jpg,dust
sunny_1310.jpg,sunny
fog_212.jpg,fog
dust_806.jpg,dust
sunny_896.jpg,sunny
snow_885.jpg,snow
sunny_676.jpg,sunny
rain_495.jpg,rain
rain_973.jpg,rain
rain_822.jpg,rain
dust_299.jpg,dust
fog_718.jpg,fog
snow_698.jpg,snow
sunny_1231.jpg,sunny
dust_863.jpg,dust
fog_250.jpg,fog
sunny_342.jpg,sunny
sunny_945.jpg,sunny
dust_896.jpg,dust
fog_584.jpg,fog
snow_359.jpg,snow
sunny_807.jpg,sunny
dust_591.jpg,dust
rain_534.jpg,rain
snow_762.jpg,snow
fog_448.jpg,fog
rain_643.jpg,rain
rain_610.jpg,rain
fog_181.jpg,fog
sunny_819.jpg,sunny
fog_842.jpg,fog
sunny_1135.jpg,sunny
dust_707.jpg,dust
rain_299.jpg,rain
sunny_1200.jpg,sunny
sunny_748.jpg,sunny
rain_272.jpg,rain
fog_432.jpg,fog
snow_374.jpg,snow
fog_172.jpg,fog
snow_917.jpg,snow
snow_679.jpg,snow
snow_402.jpg,snow
sunny_258.jpg,sunny
dust_967.jpg,dust
dust_508.jpg,dust
snow_561.jpg,snow
rain_948.jpg,rain
rain_248.jpg,rain
rain_109.jpg,rain
rain_497.jpg,rain
snow_410.jpg,snow
fog_507.jpg,fog
dust_843.jpg,dust
fog_397.jpg,fog
fog_249.jpg,fog
dust_292.jpg,dust
dust_340.jpg,dust
sunny_1245.jpg,sunny
rain_432.jpg,rain
fog_400.jpg,fog
snow_279.jpg,snow
rain_780.jpg,rain
dust_79.jpg,dust
snow_87.jpg,snow
rain_679.jpg,rain
dust_538.jpg,dust
rain_141.jpg,rain
snow_271.jpg,snow
fog_151.jpg,fog
snow_790.jpg,snow
snow_874.jpg,snow
dust_727.jpg,dust
sunny_504.jpg,sunny
sunny_1052.jpg,sunny
fog_353.jpg,fog
rain_753.jpg,rain
snow_174.jpg,snow
rain_5.jpg,rain
rain_956.jpg,rain
fog_68.jpg,fog
dust_36.jpg,dust
rain_84.jpg,rain
rain_749.jpg,rain
fog_803.jpg,fog
snow_306.jpg,snow
rain_1022.jpg,rain
sunny_780.jpg,sunny
dust_462.jpg,dust
sunny_746.jpg,sunny
rain_45.jpg,rain
dust_407.jpg,dust
fog_897.jpg,fog
snow_12.jpg,snow
sunny_426.jpg,sunny
sunny_875.jpg,sunny
fog_459.jpg,fog
dust_668.jpg,dust
snow_881.jpg,snow
sunny_111.jpg,sunny
snow_425.jpg,snow
fog_121.jpg,fog
sunny_808.jpg,sunny
snow_9.jpg,snow
sunny_26.jpg,sunny
fog_592.jpg,fog
rain_23.jpg,rain
sunny_969.jpg,sunny
fog_621.jpg,fog
sunny_1294.jpg,sunny
dust_661.jpg,dust
rain_1004.jpg,rain
rain_594.jpg,rain
dust_634.jpg,dust
rain_442.jpg,rain
snow_838.jpg,snow
sunny_690.jpg,sunny
sunny_775.jpg,sunny
sunny_321.jpg,sunny
sunny_88.jpg,sunny
sunny_85.jpg,sunny
rain_90.jpg,rain
sunny_536.jpg,sunny
dust_978.jpg,dust
fog_439.jpg,fog
fog_924.jpg,fog
dust_63.jpg,dust
sunny_589.jpg,sunny
fog_761.jpg,fog
sunny_207.jpg,sunny
rain_970.jpg,rain
snow_242.jpg,snow
dust_216.jpg,dust
sunny_422.jpg,sunny
rain_1001.jpg,rain
dust_230.jpg,dust
rain_11.jpg,rain
dust_314.jpg,dust
dust_970.jpg,dust
rain_339.jpg,rain
sunny_707.jpg,sunny
fog_884.jpg,fog
sunny_379.jpg,sunny
rain_461.jpg,rain
sunny_429.jpg,sunny
snow_486.jpg,snow
fog_523.jpg,fog
rain_491.jpg,rain
rain_313.jpg,rain
sunny_1288.jpg,sunny
fog_331.jpg,fog
rain_815.jpg,rain
fog_678.jpg,fog
rain_946.jpg,rain
snow_479.jpg,snow
sunny_541.jpg,sunny
dust_235.jpg,dust
snow_463.jpg,snow
sunny_276.jpg,sunny
dust_784.jpg,dust
dust_110.jpg,dust
rain_453.jpg,rain
snow_141.jpg,snow
sunny_1005.jpg,sunny
snow_520.jpg,snow
sunny_490.jpg,sunny
rain_918.jpg,rain
sunny_1226.jpg,sunny
fog_806.jpg,fog
sunny_585.jpg,sunny
snow_734.jpg,snow
rain_251.jpg,rain
rain_636.jpg,rain
rain_1027.jpg,rain
fog_274.jpg,fog
rain_886.jpg,rain
fog_811.jpg,fog
snow_839.jpg,snow
snow_540.jpg,snow
fog_856.jpg,fog
sunny_704.jpg,sunny
snow_10.jpg,snow
dust_409.jpg,dust
snow_1022.jpg,snow
snow_396.jpg,snow
snow_954.jpg,snow
sunny_666.jpg,sunny
snow_470.jpg,snow
dust_841.jpg,dust
fog_452.jpg,fog
sunny_1203.jpg,sunny
rain_305.jpg,rain
rain_649.jpg,rain
sunny_1007.jpg,sunny
rain_127.jpg,rain
sunny_623.jpg,sunny
snow_472.jpg,snow
fog_800.jpg,fog
rain_284.jpg,rain
fog_504.jpg,fog
sunny_1154.jpg,sunny
snow_97.jpg,snow
snow_234.jpg,snow
rain_205.jpg,rain
rain_604.jpg,rain
rain_425.jpg,rain
sunny_406.jpg,sunny
snow_564.jpg,snow
dust_838.jpg,dust
fog_756.jpg,fog
sunny_1014.jpg,sunny
dust_907.jpg,dust
sunny_979.jpg,sunny
rain_659.jpg,rain
rain_883.jpg,rain
rain_370.jpg,rain
fog_360.jpg,fog
fog_57.jpg,fog
rain_412.jpg,rain
fog_211.jpg,fog
snow_27.jpg,snow
sunny_869.jpg,sunny
dust_389.jpg,dust
dust_686.jpg,dust
fog_670.jpg,fog
fog_199.jpg,fog
fog_802.jpg,fog
sunny_241.jpg,sunny
dust_955.jpg,dust
rain_503.jpg,rain
snow_456.jpg,snow
dust_862.jpg,dust
dust_684.jpg,dust
snow_377.jpg,snow
snow_827.jpg,snow
fog_844.jpg,fog
dust_895.jpg,dust
dust_320.jpg,dust
rain_1054.jpg,rain
fog_463.jpg,fog
sunny_677.jpg,sunny
snow_313.jpg,snow
fog_683.jpg,fog
fog_638.jpg,fog
sunny_366.jpg,sunny
fog_745.jpg,fog
dust_815.jpg,dust
fog_112.jpg,fog
sunny_177.jpg,sunny
sunny_1180.jpg,sunny
snow_709.jpg,snow
sunny_1197.jpg,sunny
sunny_538.jpg,sunny
sunny_336.jpg,sunny
fog_216.jpg,fog
snow_436.jpg,snow
sunny_914.jpg,sunny
snow_33.jpg,snow
dust_326.jpg,dust
dust_168.jpg,dust
fog_284.jpg,fog
snow_134.jpg,snow
fog_135.jpg,fog
sunny_680.jpg,sunny
dust_837.jpg,dust
rain_176.jpg,rain
rain_445.jpg,rain
dust_386.jpg,dust
dust_201.jpg,dust
sunny_581.jpg,sunny
rain_648.jpg,rain
dust_150.jpg,dust
fog_467.jpg,fog
rain_482.jpg,rain
fog_706.jpg,fog
rain_539.jpg,rain
fog_156.jpg,fog
fog_820.jpg,fog
dust_812.jpg,dust
fog_22.jpg,fog
snow_533.jpg,snow
sunny_443.jpg,sunny
fog_541.jpg,fog
dust_618.jpg,dust
fog_934.jpg,fog
sunny_1320.jpg,sunny
snow_637.jpg,snow
dust_606.jpg,dust
sunny_98.jpg,sunny
sunny_669.jpg,sunny
fog_676.jpg,fog
dust_486.jpg,dust
sunny_364.jpg,sunny
dust_799.jpg,dust
rain_838.jpg,rain
snow_537.jpg,snow
rain_161.jpg,rain
snow_1067.jpg,snow
sunny_957.jpg,sunny
dust_989.jpg,dust
rain_742.jpg,rain
rain_0.jpg,rain
rain_347.jpg,rain
snow_1038.jpg,snow
sunny_863.jpg,sunny
snow_568.jpg,snow
dust_417.jpg,dust
snow_625.jpg,snow
dust_21.jpg,dust
fog_528.jpg,fog
rain_865.jpg,rain
fog_570.jpg,fog
snow_180.jpg,snow
dust_27.jpg,dust
sunny_980.jpg,sunny
snow_794.jpg,snow
dust_446.jpg,dust
fog_703.jpg,fog
fog_669.jpg,fog
rain_102.jpg,rain
sunny_404.jpg,sunny
sunny_886.jpg,sunny
rain_237.jpg,rain
dust_62.jpg,dust
dust_73.jpg,dust
sunny_845.jpg,sunny
snow_913.jpg,snow
fog_362.jpg,fog
sunny_1117.jpg,sunny
sunny_421.jpg,sunny
dust_41.jpg,dust
dust_176.jpg,dust
snow_427.jpg,snow
fog_875.jpg,fog
sunny_436.jpg,sunny
rain_256.jpg,rain
rain_721.jpg,rain
sunny_879.jpg,sunny
rain_743.jpg,rain
snow_1029.jpg,snow
sunny_396.jpg,sunny
rain_1058.jpg,rain
rain_579.jpg,rain
snow_407.jpg,snow
dust_573.jpg,dust
fog_367.jpg,fog
rain_231.jpg,rain
fog_783.jpg,fog
sunny_755.jpg,sunny
sunny_761.jpg,sunny
sunny_251.jpg,sunny
sunny_219.jpg,sunny
rain_894.jpg,rain
snow_300.jpg,snow
dust_194.jpg,dust
dust_236.jpg,dust
dust_659.jpg,dust
fog_440.jpg,fog
sunny_1030.jpg,sunny
rain_28.jpg,rain
rain_971.jpg,rain
snow_950.jpg,snow
sunny_1114.jpg,sunny
rain_136.jpg,rain
fog_316.jpg,fog
snow_934.jpg,snow
sunny_165.jpg,sunny
rain_56.jpg,rain
rain_132.jpg,rain
rain_609.jpg,rain
fog_358.jpg,fog
fog_673.jpg,fog
dust_432.jpg,dust
sunny_543.jpg,sunny
dust_623.jpg,dust
rain_66.jpg,rain
dust_778.jpg,dust
fog_328.jpg,fog
fog_913.jpg,fog
sunny_408.jpg,sunny
dust_100.jpg,dust
snow_328.jpg,snow
snow_749.jpg,snow
fog_548.jpg,fog
rain_53.jpg,rain
dust_219.jpg,dust
fog_373.jpg,fog
rain_802.jpg,rain
sunny_1235.jpg,sunny
dust_1009.jpg,dust
sunny_1013.jpg,sunny
sunny_1176.jpg,sunny
rain_357.jpg,rain
fog_471.jpg,fog
snow_545.jpg,snow
dust_196.jpg,dust
dust_984.jpg,dust
snow_385.jpg,snow
rain_18.jpg,rain
dust_137.jpg,dust
dust_47.jpg,dust
fog_168.jpg,fog
fog_72.jpg,fog
dust_826.jpg,dust
snow_353.jpg,snow
fog_852.jpg,fog
sunny_431.jpg,sunny
snow_34.jpg,snow
sunny_1223.jpg,sunny
fog_815.jpg,fog
sunny_231.jpg,sunny
dust_92.jpg,dust
dust_423.jpg,dust
dust_392.jpg,dust
fog_867.jpg,fog
fog_259.jpg,fog
sunny_240.jpg,sunny
rain_1009.jpg,rain
dust_160.jpg,dust
snow_915.jpg,snow
snow_383.jpg,snow
rain_826.jpg,rain
dust_582.jpg,dust
rain_614.jpg,rain
rain_529.jpg,rain
sunny_967.jpg,sunny
rain_415.jpg,rain
sunny_752.jpg,sunny
sunny_354.jpg,sunny
sunny_1003.jpg,sunny
dust_914.jpg,dust
snow_846.jpg,snow
sunny_640.jpg,sunny
rain_809.jpg,rain
snow_759.jpg,snow
snow_937.jpg,snow
snow_955.jpg,snow
rain_120.jpg,rain
fog_455.jpg,fog
rain_862.jpg,rain
sunny_834.jpg,sunny
sunny_920.jpg,sunny
fog_629.jpg,fog
snow_587.jpg,snow
snow_319.jpg,snow
rain_962.jpg,rain
rain_600.jpg,rain
sunny_826.jpg,sunny
snow_840.jpg,snow
dust_260.jpg,dust
dust_711.jpg,dust
rain_560.jpg,rain
dust_722.jpg,dust
dust_920.jpg,dust
dust_728.jpg,dust
dust_638.jpg,dust
fog_622.jpg,fog
snow_882.jpg,snow
snow_530.jpg,snow
fog_736.jpg,fog
sunny_1287.jpg,sunny
rain_174.jpg,rain
dust_1010.jpg,dust
sunny_147.jpg,sunny
snow_267.jpg,snow
dust_851.jpg,dust
sunny_708.jpg,sunny
sunny_586.jpg,sunny
fog_15.jpg,fog
sunny_922.jpg,sunny
rain_228.jpg,rain
snow_441.jpg,snow
fog_527.jpg,fog
rain_528.jpg,rain
rain_922.jpg,rain
fog_63.jpg,fog
snow_996.jpg,snow
sunny_1181.jpg,sunny
dust_901.jpg,dust
sunny_8.jpg,sunny
dust_252.jpg,dust
rain_165.jpg,rain
sunny_198.jpg,sunny
fog_203.jpg,fog
rain_678.jpg,rain
rain_729.jpg,rain
rain_183.jpg,rain
rain_584.jpg,rain
sunny_829.jpg,sunny
fog_51.jpg,fog
dust_762.jpg,dust
snow_766.jpg,snow
sunny_771.jpg,sunny
sunny_654.jpg,sunny
dust_589.jpg,dust
sunny_955.jpg,sunny
fog_149.jpg,fog
snow_59.jpg,snow
rain_1015.jpg,rain
fog_827.jpg,fog
dust_700.jpg,dust
snow_668.jpg,snow
rain_309.jpg,rain
fog_483.jpg,fog
snow_845.jpg,snow
fog_442.jpg,fog
rain_12.jpg,rain
fog_857.jpg,fog
snow_2.jpg,snow
snow_549.jpg,snow
rain_650.jpg,rain
dust_81.jpg,dust
rain_506.jpg,rain
dust_104.jpg,dust
snow_0.jpg,snow
rain_545.jpg,rain
snow_926.jpg,snow
sunny_1188.jpg,sunny
fog_254.jpg,fog
dust_369.jpg,dust
sunny_1177.jpg,sunny
fog_642.jpg,fog
sunny_810.jpg,sunny
rain_378.jpg,rain
sunny_858.jpg,sunny
snow_579.jpg,snow
rain_925.jpg,rain
sunny_14.jpg,sunny
sunny_1064.jpg,sunny
sunny_1140.jpg,sunny
rain_832.png,rain
snow_167.jpg,snow
rain_426.jpg,rain
dust_708.jpg,dust
snow_323.jpg,snow
dust_577.jpg,dust
snow_513.jpg,snow
sunny_1001.jpg,sunny
dust_186.jpg,dust
rain_875.jpg,rain
snow_335.jpg,snow
snow_908.jpg,snow
sunny_62.jpg,sunny
snow_73.jpg,snow
rain_990.jpg,rain
dust_495.jpg,dust
snow_510.jpg,snow
dust_885.jpg,dust
snow_616.jpg,snow
snow_973.jpg,snow
snow_904.jpg,snow
rain_314.jpg,rain
snow_953.jpg,snow
snow_730.jpg,snow
dust_875.jpg,dust
rain_311.jpg,rain
snow_1069.jpg,snow
rain_724.jpg,rain
rain_627.jpg,rain
sunny_981.jpg,sunny
fog_563.jpg,fog
sunny_205.jpg,sunny
rain_365.jpg,rain
snow_408.jpg,snow
snow_356.jpg,snow
dust_649.jpg,dust
snow_302.jpg,snow
fog_908.jpg,fog
fog_162.jpg,fog
sunny_782.jpg,sunny
snow_543.jpg,snow
rain_1065.jpg,rain
sunny_263.jpg,sunny
sunny_423.jpg,sunny
fog_486.jpg,fog
snow_376.jpg,snow
snow_841.jpg,snow
snow_136.jpg,snow
rain_258.jpg,rain
dust_46.jpg,dust
sunny_470.jpg,sunny
sunny_168.jpg,sunny
rain_785.jpg,rain
dust_545.jpg,dust
snow_46.jpg,snow
sunny_468.jpg,sunny
snow_119.jpg,snow
dust_869.jpg,dust
dust_191.jpg,dust
rain_974.jpg,rain
rain_381.jpg,rain
snow_221.jpg,snow
dust_248.jpg,dust
fog_610.jpg,fog
snow_214.jpg,snow
sunny_1024.jpg,sunny
rain_845.jpg,rain
snow_30.jpg,snow
fog_571.jpg,fog
rain_321.jpg,rain
rain_899.jpg,rain
fog_887.jpg,fog
rain_572.jpg,rain
dust_641.jpg,dust
dust_394.jpg,dust
fog_178.jpg,fog
dust_144.jpg,dust
dust_58.jpg,dust
snow_1053.jpg,snow
sunny_887.jpg,sunny
fog_922.jpg,fog
dust_683.jpg,dust
snow_326.jpg,snow
rain_874.jpg,rain
sunny_1315.jpg,sunny
sunny_352.jpg,sunny
rain_477.jpg,rain
snow_711.jpg,snow
fog_717.jpg,fog
sunny_1106.jpg,sunny
dust_85.jpg,dust
rain_555.jpg,rain
snow_212.jpg,snow
rain_733.jpg,rain
fog_266.jpg,fog
fog_714.jpg,fog
rain_538.jpg,rain
sunny_415.jpg,sunny
dust_481.jpg,dust
sunny_1099.jpg,sunny
sunny_751.jpg,sunny
dust_848.jpg,dust
dust_548.jpg,dust
snow_166.jpg,snow
rain_246.jpg,rain
sunny_1020.jpg,sunny
snow_81.jpg,snow
sunny_1075.jpg,sunny
sunny_590.jpg,sunny
rain_167.jpg,rain
dust_233.jpg,dust
dust_197.jpg,dust
sunny_245.jpg,sunny
snow_366.jpg,snow
sunny_850.jpg,sunny
dust_330.jpg,dust
rain_156.jpg,rain
sunny_513.jpg,sunny
dust_128.jpg,dust
sunny_311.jpg,sunny
fog_306.jpg,fog
rain_578.jpg,rain
dust_743.jpg,dust
sunny_561.jpg,sunny
sunny_533.jpg,sunny
dust_600.jpg,dust
sunny_1183.jpg,sunny
fog_167.jpg,fog
sunny_81.jpg,sunny
dust_536.jpg,dust
rain_690.jpg,rain
sunny_1193.jpg,sunny
rain_471.jpg,rain
snow_967.jpg,snow
sunny_768.jpg,sunny
sunny_503.jpg,sunny
sunny_962.jpg,sunny
dust_20.jpg,dust
fog_158.jpg,fog
sunny_502.jpg,sunny
fog_424.jpg,fog
sunny_547.jpg,sunny
dust_44.jpg,dust
rain_1047.jpg,rain
snow_509.jpg,snow
rain_910.jpg,rain
fog_796.jpg,fog
rain_859.jpg,rain
dust_331.jpg,dust
sunny_652.jpg,sunny
sunny_989.jpg,sunny
fog_668.jpg,fog
dust_747.jpg,dust
rain_125.jpg,rain
dust_60.jpg,dust
fog_363.jpg,fog
rain_914.jpg,rain
rain_271.jpg,rain
rain_1048.jpg,rain
dust_586.jpg,dust
sunny_764.jpg,sunny
rain_996.jpg,rain
sunny_46.jpg,sunny
sunny_492.jpg,sunny
fog_693.jpg,fog
fog_122.jpg,fog
sunny_940.jpg,sunny
dust_226.jpg,dust
fog_157.jpg,fog
sunny_997.jpg,sunny
rain_745.jpg,rain
fog_605.jpg,fog
sunny_970.jpg,sunny
sunny_1060.jpg,sunny
fog_917.jpg,fog
snow_312.jpg,snow
snow_496.jpg,snow
rain_134.jpg,rain
rain_389.jpg,rain
rain_841.jpg,rain
sunny_382.jpg,sunny
rain_465.jpg,rain
rain_795.jpg,rain
fog_549.jpg,fog
sunny_1160.jpg,sunny
sunny_278.jpg,sunny
dust_25.jpg,dust
rain_988.jpg,rain
snow_450.jpg,snow
sunny_284.jpg,sunny
rain_15.jpg,rain
snow_478.jpg,snow
sunny_210.jpg,sunny
dust_974.jpg,dust
rain_618.jpg,rain
dust_685.jpg,dust
sunny_661.jpg,sunny
fog_278.jpg,fog
dust_963.jpg,dust
fog_823.jpg,fog
rain_175.jpg,rain
sunny_459.jpg,sunny
rain_270.jpg,rain
rain_1053.jpg,rain
fog_10.jpg,fog
rain_760.jpg,rain
rain_177.jpg,rain
dust_145.jpg,dust
sunny_187.jpg,sunny
snow_192.jpg,snow
rain_953.jpg,rain
fog_495.jpg,fog
dust_456.jpg,dust
sunny_399.jpg,sunny
dust_78.jpg,dust
sunny_373.jpg,sunny
rain_229.jpg,rain
sunny_1028.jpg,sunny
sunny_306.jpg,sunny
dust_532.jpg,dust
rain_505.jpg,rain
fog_798.jpg,fog
rain_190.jpg,rain
snow_756.jpg,snow
dust_874.jpg,dust
rain_348.jpg,rain
rain_301.jpg,rain
dust_757.jpg,dust
fog_218.jpg,fog
dust_541.jpg,dust
fog_892.jpg,fog
sunny_1247.jpg,sunny
snow_724.jpg,snow
rain_105.jpg,rain
sunny_57.jpg,sunny
snow_772.jpg,snow
dust_178.jpg,dust
sunny_109.jpg,sunny
sunny_69.jpg,sunny
snow_811.jpg,snow
fog_519.jpg,fog
dust_612.jpg,dust
sunny_155.jpg,sunny
rain_895.jpg,rain
sunny_1306.jpg,sunny
dust_338.jpg,dust
rain_855.jpg,rain
sunny_1316.jpg,sunny
dust_775.jpg,dust
snow_219.jpg,snow
dust_1014.jpg,dust
sunny_466.jpg,sunny
rain_146.jpg,rain
snow_261.jpg,snow
sunny_924.jpg,sunny
sunny_812.jpg,sunny
dust_640.jpg,dust
snow_600.jpg,snow
sunny_1096.jpg,sunny
fog_184.jpg,fog
fog_591.jpg,fog
rain_103.jpg,rain
sunny_1159.jpg,sunny
sunny_653.jpg,sunny
dust_748.jpg,dust
fog_139.jpg,fog
sunny_773.jpg,sunny
rain_597.jpg,rain
sunny_620.jpg,sunny
snow_1062.jpg,snow
rain_383.jpg,rain
sunny_1171.jpg,sunny
rain_443.jpg,rain
snow_282.jpg,snow
sunny_877.jpg,sunny
rain_77.jpg,rain
fog_568.jpg,fog
sunny_611.jpg,sunny
rain_359.jpg,rain
dust_829.jpg,dust
snow_528.jpg,snow
sunny_64.jpg,sunny
sunny_1309.jpg,sunny
rain_766.jpg,rain
sunny_162.jpg,sunny
fog_843.jpg,fog
fog_869.jpg,fog
snow_631.jpg,snow
rain_642.jpg,rain
sunny_216.jpg,sunny
rain_391.jpg,rain
sunny_467.jpg,sunny
fog_786.jpg,fog
rain_616.jpg,rain
snow_552.jpg,snow
rain_1040.jpg,rain
rain_631.jpg,rain
fog_748.jpg,fog
fog_163.jpg,fog
dust_645.jpg,dust
rain_155.jpg,rain
sunny_154.jpg,sunny
sunny_228.jpg,sunny
rain_748.jpg,rain
sunny_1057.jpg,sunny
rain_244.jpg,rain
sunny_117.jpg,sunny
dust_258.jpg,dust
rain_774.jpg,rain
sunny_928.jpg,sunny
sunny_494.jpg,sunny
snow_531.jpg,snow
rain_569.png,rain
fog_175.jpg,fog
snow_1056.jpg,snow
snow_924.jpg,snow
snow_814.jpg,snow
snow_947.jpg,snow
sunny_270.jpg,sunny
fog_588.jpg,fog
fog_264.jpg,fog
snow_761.jpg,snow
dust_190.jpg,dust
dust_291.jpg,dust
rain_149.jpg,rain
sunny_1109.jpg,sunny
sunny_974.jpg,sunny
sunny_639.jpg,sunny
snow_899.jpg,snow
dust_525.jpg,dust
sunny_78.jpg,sunny
fog_881.jpg,fog
fog_631.jpg,fog
sunny_269.jpg,sunny
snow_154.jpg,snow
dust_945.jpg,dust
dust_245.jpg,dust
sunny_525.jpg,sunny
snow_65.jpg,snow
sunny_127.jpg,sunny
rain_589.jpg,rain
rain_908.jpg,rain
rain_739.jpg,rain
sunny_1143.jpg,sunny
sunny_7.jpg,sunny
sunny_820.jpg,sunny
sunny_1307.jpg,sunny
rain_607.jpg,rain
sunny_1313.jpg,sunny
rain_135.jpg,rain
sunny_1253.jpg,sunny
sunny_559.jpg,sunny
dust_964.jpg,dust
fog_677.jpg,fog
rain_1031.jpg,rain
sunny_1103.jpg,sunny
dust_824.jpg,dust
snow_774.jpg,snow
snow_485.jpg,snow
snow_837.jpg,snow
fog_649.jpg,fog
fog_302.jpg,fog
dust_781.jpg,dust
rain_920.jpg,rain
snow_455.jpg,snow
sunny_706.jpg,sunny
snow_765.jpg,snow
fog_327.jpg,fog
dust_746.jpg,dust
snow_266.jpg,snow
snow_778.jpg,snow
snow_272.jpg,snow
fog_85.jpg,fog
fog_577.jpg,fog
fog_636.jpg,fog
sunny_355.jpg,sunny
fog_30.jpg,fog
snow_731.jpg,snow
sunny_883.jpg,sunny
fog_566.jpg,fog
sunny_921.jpg,sunny
snow_966.jpg,snow
rain_137.jpg,rain
rain_982.jpg,rain
rain_34.jpg,rain
fog_185.jpg,fog
rain_933.jpg,rain
sunny_1228.jpg,sunny
sunny_1019.jpg,sunny
snow_493.jpg,snow
fog_637.jpg,fog
dust_45.jpg,dust
fog_700.jpg,fog
fog_227.jpg,fog
sunny_1091.jpg,sunny
dust_146.jpg,dust
fog_661.jpg,fog
rain_116.jpg,rain
fog_466.jpg,fog
sunny_101.jpg,sunny
rain_902.jpg,rain
snow_32.jpg,snow
sunny_84.jpg,sunny
fog_60.jpg,fog
sunny_1238.jpg,sunny
rain_1059.jpg,rain
sunny_23.jpg,sunny
sunny_262.jpg,sunny
snow_286.jpg,snow
sunny_253.jpg,sunny
sunny_579.jpg,sunny
sunny_741.jpg,sunny
rain_800.jpg,rain
dust_810.jpg,dust
snow_83.jpg,snow
fog_311.jpg,fog
snow_349.jpg,snow
snow_503.jpg,snow
sunny_1008.jpg,sunny
sunny_781.jpg,sunny
fog_457.jpg,fog
dust_305.jpg,dust
fog_47.jpg,fog
dust_872.jpg,dust
fog_551.jpg,fog
rain_358.jpg,rain
dust_175.jpg,dust
dust_543.jpg,dust
dust_990.jpg,dust
fog_795.jpg,fog
dust_368.jpg,dust
dust_479.jpg,dust
fog_494.jpg,fog
fog_832.jpg,fog
fog_333.jpg,fog
rain_537.jpg,rain
fog_209.jpg,fog
snow_667.jpg,snow
fog_379.jpg,fog
sunny_1211.jpg,sunny
rain_787.jpg,rain
sunny_1189.jpg,sunny
sunny_166.jpg,sunny
snow_94.jpg,snow
rain_954.jpg,rain
dust_404.jpg,dust
rain_999.jpg,rain
rain_307.jpg,rain
snow_52.jpg,snow
snow_67.jpg,snow
snow_288.jpg,snow
fog_0.jpg,fog
rain_210.jpg,rain
snow_294.jpg,snow
snow_638.jpg,snow
rain_713.jpg,rain
fog_691.jpg,fog
sunny_119.jpg,sunny
sunny_478.jpg,sunny
sunny_66.jpg,sunny
sunny_802.jpg,sunny
fog_6.jpg,fog
snow_241.jpg,snow
rain_458.jpg,rain
rain_778.jpg,rain
fog_458.jpg,fog
rain_333.jpg,rain
rain_672.jpg,rain
fog_241.jpg,fog
fog_658.jpg,fog
sunny_472.jpg,sunny
rain_234.jpg,rain
rain_354.jpg,rain
snow_19.jpg,snow
dust_97.jpg,dust
snow_452.jpg,snow
snow_696.jpg,snow
snow_397.jpg,snow
fog_307.jpg,fog
dust_724.jpg,dust
snow_357.jpg,snow
rain_171.jpg,rain
sunny_968.jpg,sunny
snow_992.jpg,snow
sunny_515.jpg,sunny
dust_322.jpg,dust
rain_740.jpg,rain
snow_580.jpg,snow
sunny_531.jpg,sunny
sunny_616.jpg,sunny
fog_918.jpg,fog
fog_268.jpg,fog
snow_780.jpg,snow
dust_801.jpg,dust
snow_880.jpg,snow
rain_214.jpg,rain
sunny_671.jpg,sunny
fog_730.jpg,fog
rain_24.jpg,rain
snow_945.jpg,snow
snow_546.jpg,snow
snow_634.jpg,snow
snow_905.jpg,snow
sunny_553.jpg,sunny
rain_808.jpg,rain
fog_613.jpg,fog
fog_797.jpg,fog
rain_20.jpg,rain
sunny_120.jpg,sunny
dust_55.jpg,dust
rain_331.jpg,rain
fog_170.jpg,fog
snow_386.jpg,snow
fog_766.jpg,fog
fog_580.jpg,fog
snow_57.jpg,snow
rain_375.jpg,rain
fog_722.jpg,fog
sunny_529.jpg,sunny
dust_691.jpg,dust
fog_889.jpg,fog
rain_751.jpg,rain
rain_995.jpg,rain
sunny_413.jpg,sunny
sunny_213.jpg,sunny
snow_610.jpg,snow
sunny_446.jpg,sunny
snow_707.jpg,snow
sunny_1085.jpg,sunny
sunny_294.jpg,sunny
fog_206.jpg,fog
sunny_827.jpg,sunny
sunny_1174.jpg,sunny
sunny_1045.jpg,sunny
rain_644.jpg,rain
dust_556.jpg,dust
snow_569.jpg,snow
dust_155.jpg,dust
sunny_577.jpg,sunny
sunny_668.jpg,sunny
sunny_528.jpg,sunny
fog_895.jpg,fog
sunny_479.jpg,sunny
rain_952.jpg,rain
fog_727.jpg,fog
fog_142.jpg,fog
dust_388.jpg,dust
dust_780.jpg,dust
snow_98.jpg,snow
fog_200.jpg,fog
dust_610.jpg,dust
dust_720.jpg,dust
rain_677.jpg,rain
dust_726.jpg,dust
dust_880.jpg,dust
